driverId,driverRef,number,code,forename,surname,dob,nationality,url,country
1,hamilton,44,HAM,Lewis,Hamilton,07/01/1985,British,http://en.wikipedia.org/wiki/Lewis_Hamilton,United Kingdom
2,heidfeld,\N,HEI,Nick,Heidfeld,10/05/1977,German,http://en.wikipedia.org/wiki/Nick_Heidfeld,Germany
3,rosberg,6,ROS,Nico,Rosberg,27/06/1985,German,http://en.wikipedia.org/wiki/Nico_Rosberg,Germany
4,alonso,14,ALO,Fernando,Alonso,29/07/1981,Spanish,http://en.wikipedia.org/wiki/Fernando_Alonso,Spain
5,kovalainen,\N,KOV,Heikki,Kovalainen,19/10/1981,Finnish,http://en.wikipedia.org/wiki/Heikki_Kovalainen,Finland
6,nakajima,\N,NAK,Kazuki,Nakajima,11/01/1985,Japanese,http://en.wikipedia.org/wiki/Kazuki_Nakajima,Japan
7,bourdais,\N,BOU,Sébastien,Bourdais,28/02/1979,French,http://en.wikipedia.org/wiki/S%C3%A9bastien_Bourdais,France
8,raikkonen,7,RAI,Kimi,Räikkönen,17/10/1979,Finnish,http://en.wikipedia.org/wiki/Kimi_R%C3%A4ikk%C3%B6nen,Finland
9,kubica,88,KUB,Robert,Kubica,07/12/1984,Polish,http://en.wikipedia.org/wiki/Robert_Kubica,Poland
10,glock,\N,GLO,Timo,Glock,18/03/1982,German,http://en.wikipedia.org/wiki/Timo_Glock,Germany
11,sato,\N,SAT,Takuma,Sato,28/01/1977,Japanese,http://en.wikipedia.org/wiki/Takuma_Sato,Japan
12,piquet_jr,\N,PIQ,Nelson,Piquet Jr.,25/07/1985,Brazilian,"http://en.wikipedia.org/wiki/Nelson_Piquet,_Jr.",Brazil
13,massa,19,MAS,Felipe,Massa,25/04/1981,Brazilian,http://en.wikipedia.org/wiki/Felipe_Massa,Brazil
14,coulthard,\N,COU,David,Coulthard,27/03/1971,British,http://en.wikipedia.org/wiki/David_Coulthard,United Kingdom
15,trulli,\N,TRU,Jarno,Trulli,13/07/1974,Italian,http://en.wikipedia.org/wiki/Jarno_Trulli,Italy
16,sutil,99,SUT,Adrian,Sutil,11/01/1983,German,http://en.wikipedia.org/wiki/Adrian_Sutil,Germany
17,webber,\N,WEB,Mark,Webber,27/08/1976,Australian,http://en.wikipedia.org/wiki/Mark_Webber_(racing_driver),Australia
18,button,22,BUT,Jenson,Button,19/01/1980,British,http://en.wikipedia.org/wiki/Jenson_Button,United Kingdom
19,davidson,\N,DAV,Anthony,Davidson,18/04/1979,British,http://en.wikipedia.org/wiki/Anthony_Davidson,United Kingdom
20,vettel,5,VET,Sebastian,Vettel,03/07/1987,German,http://en.wikipedia.org/wiki/Sebastian_Vettel,Germany
21,fisichella,\N,FIS,Giancarlo,Fisichella,14/01/1973,Italian,http://en.wikipedia.org/wiki/Giancarlo_Fisichella,Italy
22,barrichello,\N,BAR,Rubens,Barrichello,23/05/1972,Brazilian,http://en.wikipedia.org/wiki/Rubens_Barrichello,Brazil
23,ralf_schumacher,\N,SCH,Ralf,Schumacher,30/06/1975,German,http://en.wikipedia.org/wiki/Ralf_Schumacher,Germany
24,liuzzi,\N,LIU,Vitantonio,Liuzzi,06/08/1980,Italian,http://en.wikipedia.org/wiki/Vitantonio_Liuzzi,Italy
25,wurz,\N,WUR,Alexander,Wurz,15/02/1974,Austrian,http://en.wikipedia.org/wiki/Alexander_Wurz,Austria
26,speed,\N,SPE,Scott,Speed,24/01/1983,American,http://en.wikipedia.org/wiki/Scott_Speed,United States
27,albers,\N,ALB,Christijan,Albers,16/04/1979,Dutch,http://en.wikipedia.org/wiki/Christijan_Albers,Netherlands
28,markus_winkelhock,\N,WIN,Markus,Winkelhock,13/06/1980,German,http://en.wikipedia.org/wiki/Markus_Winkelhock,Germany
29,yamamoto,\N,YAM,Sakon,Yamamoto,09/07/1982,Japanese,http://en.wikipedia.org/wiki/Sakon_Yamamoto,Japan
30,michael_schumacher,\N,MSC,Michael,Schumacher,03/01/1969,German,http://en.wikipedia.org/wiki/Michael_Schumacher,Germany
31,montoya,\N,MON,Juan,Pablo Montoya,20/09/1975,Colombian,http://en.wikipedia.org/wiki/Juan_Pablo_Montoya,Colombia
32,klien,\N,KLI,Christian,Klien,07/02/1983,Austrian,http://en.wikipedia.org/wiki/Christian_Klien,Austria
33,monteiro,\N,TMO,Tiago,Monteiro,24/07/1976,Portuguese,http://en.wikipedia.org/wiki/Tiago_Monteiro,Portugal
34,ide,\N,IDE,Yuji,Ide,21/01/1975,Japanese,http://en.wikipedia.org/wiki/Yuji_Ide,Japan
35,villeneuve,\N,VIL,Jacques,Villeneuve,09/04/1971,Canadian,http://en.wikipedia.org/wiki/Jacques_Villeneuve,Canada
36,montagny,\N,FMO,Franck,Montagny,05/01/1978,French,http://en.wikipedia.org/wiki/Franck_Montagny,France
37,rosa,\N,DLR,Pedro,de la Rosa,24/02/1971,Spanish,http://en.wikipedia.org/wiki/Pedro_de_la_Rosa,Spain
38,doornbos,\N,DOO,Robert,Doornbos,23/09/1981,Dutch,http://en.wikipedia.org/wiki/Robert_Doornbos,Netherlands
39,karthikeyan,\N,KAR,Narain,Karthikeyan,14/01/1977,Indian,http://en.wikipedia.org/wiki/Narain_Karthikeyan,India
40,friesacher,\N,FRI,Patrick,Friesacher,26/09/1980,Austrian,http://en.wikipedia.org/wiki/Patrick_Friesacher,Austria
41,zonta,\N,ZON,Ricardo,Zonta,23/03/1976,Brazilian,http://en.wikipedia.org/wiki/Ricardo_Zonta,Brazil
42,pizzonia,\N,PIZ,Antônio,Pizzonia,11/09/1980,Brazilian,http://en.wikipedia.org/wiki/Ant%C3%B4nio_Pizzonia,Brazil
43,matta,\N,\N,Cristiano,da Matta,19/09/1973,Brazilian,http://en.wikipedia.org/wiki/Cristiano_da_Matta,Brazil
44,panis,\N,\N,Olivier,Panis,02/09/1966,French,http://en.wikipedia.org/wiki/Olivier_Panis,France
45,pantano,\N,\N,Giorgio,Pantano,04/02/1979,Italian,http://en.wikipedia.org/wiki/Giorgio_Pantano,Italy
46,bruni,\N,\N,Gianmaria,Bruni,30/05/1981,Italian,http://en.wikipedia.org/wiki/Gianmaria_Bruni,Italy
47,baumgartner,\N,\N,Zsolt,Baumgartner,01/01/1981,Hungarian,http://en.wikipedia.org/wiki/Zsolt_Baumgartner,Hungary
48,gene,\N,\N,Marc,Gené,29/03/1974,Spanish,http://en.wikipedia.org/wiki/Marc_Gen%C3%A9,Spain
49,frentzen,\N,\N,Heinz-Harald,Frentzen,18/05/1967,German,http://en.wikipedia.org/wiki/Heinz-Harald_Frentzen,Germany
50,verstappen,\N,\N,Jos,Verstappen,04/03/1972,Dutch,http://en.wikipedia.org/wiki/Jos_Verstappen,Netherlands
51,wilson,\N,\N,Justin,Wilson,31/07/1978,British,http://en.wikipedia.org/wiki/Justin_Wilson_(racing_driver),United Kingdom
52,firman,\N,\N,Ralph,Firman,20/05/1975,Irish,http://en.wikipedia.org/wiki/Ralph_Firman,Ireland
53,kiesa,\N,\N,Nicolas,Kiesa,03/03/1978,Danish,http://en.wikipedia.org/wiki/Nicolas_Kiesa,Denmark
54,burti,\N,\N,Luciano,Burti,05/03/1975,Brazilian,http://en.wikipedia.org/wiki/Luciano_Burti,Brazil
55,alesi,\N,\N,Jean,Alesi,11/06/1964,French,http://en.wikipedia.org/wiki/Jean_Alesi,France
56,irvine,\N,\N,Eddie,Irvine,10/11/1965,British,http://en.wikipedia.org/wiki/Eddie_Irvine,United Kingdom
57,hakkinen,\N,\N,Mika,Häkkinen,28/09/1968,Finnish,http://en.wikipedia.org/wiki/Mika_H%C3%A4kkinen,Finland
58,marques,\N,\N,Tarso,Marques,19/01/1976,Brazilian,http://en.wikipedia.org/wiki/Tarso_Marques,Brazil
59,bernoldi,\N,\N,Enrique,Bernoldi,19/10/1978,Brazilian,http://en.wikipedia.org/wiki/Enrique_Bernoldi,Brazil
60,mazzacane,\N,\N,Gastón,Mazzacane,08/05/1975,Argentine,http://en.wikipedia.org/wiki/Gast%C3%B3n_Mazzacane,Argentina
61,enge,\N,\N,Tomáš,Enge,11/09/1976,Czech,http://en.wikipedia.org/wiki/Tom%C3%A1%C5%A1_Enge,Czech Republic
62,yoong,\N,\N,Alex,Yoong,20/07/1976,Malaysian,http://en.wikipedia.org/wiki/Alex_Yoong,Malaysia
63,salo,\N,\N,Mika,Salo,30/11/1966,Finnish,http://en.wikipedia.org/wiki/Mika_Salo,Finland
64,diniz,\N,\N,Pedro,Diniz,22/05/1970,Brazilian,http://en.wikipedia.org/wiki/Pedro_Diniz,Brazil
65,herbert,\N,\N,Johnny,Herbert,25/06/1964,British,http://en.wikipedia.org/wiki/Johnny_Herbert,United Kingdom
66,mcnish,\N,\N,Allan,McNish,29/12/1969,British,http://en.wikipedia.org/wiki/Allan_McNish,United Kingdom
67,buemi,\N,BUE,Sébastien,Buemi,31/10/1988,Swiss,http://en.wikipedia.org/wiki/S%C3%A9bastien_Buemi,Switzerland
68,takagi,\N,\N,Toranosuke,Takagi,12/02/1974,Japanese,http://en.wikipedia.org/wiki/Toranosuke_Takagi,Japan
69,badoer,\N,BAD,Luca,Badoer,25/01/1971,Italian,http://en.wikipedia.org/wiki/Luca_Badoer,Italy
70,zanardi,\N,\N,Alessandro,Zanardi,23/10/1966,Italian,http://en.wikipedia.org/wiki/Alex_Zanardi,Italy
71,damon_hill,\N,\N,Damon,Hill,17/09/1960,British,http://en.wikipedia.org/wiki/Damon_Hill,United Kingdom
72,sarrazin,\N,\N,Stéphane,Sarrazin,02/11/1975,French,http://en.wikipedia.org/wiki/St%C3%A9phane_Sarrazin,France
73,rosset,\N,\N,Ricardo,Rosset,27/07/1968,Brazilian,http://en.wikipedia.org/wiki/Ricardo_Rosset,Brazil
74,tuero,\N,\N,Esteban,Tuero,22/04/1978,Argentine,http://en.wikipedia.org/wiki/Esteban_Tuero,Argentina
75,nakano,\N,\N,Shinji,Nakano,01/04/1971,Japanese,http://en.wikipedia.org/wiki/Shinji_Nakano,Japan
76,magnussen,\N,MAG,Jan,Magnussen,04/07/1973,Danish,http://en.wikipedia.org/wiki/Jan_Magnussen,Denmark
77,berger,\N,\N,Gerhard,Berger,27/08/1959,Austrian,http://en.wikipedia.org/wiki/Gerhard_Berger,Austria
78,larini,\N,\N,Nicola,Larini,19/03/1964,Italian,http://en.wikipedia.org/wiki/Nicola_Larini,Italy
79,katayama,\N,\N,Ukyo,Katayama,29/05/1963,Japanese,http://en.wikipedia.org/wiki/Ukyo_Katayama,Japan
80,sospiri,\N,\N,Vincenzo,Sospiri,07/10/1966,Italian,http://en.wikipedia.org/wiki/Vincenzo_Sospiri,Italy
81,morbidelli,\N,\N,Gianni,Morbidelli,13/01/1968,Italian,http://en.wikipedia.org/wiki/Gianni_Morbidelli,Italy
82,fontana,\N,\N,Norberto,Fontana,20/01/1975,Argentine,http://en.wikipedia.org/wiki/Norberto_Fontana,Argentina
83,lamy,\N,\N,Pedro,Lamy,20/03/1972,Portuguese,http://en.wikipedia.org/wiki/Pedro_Lamy,Portugal
84,brundle,\N,\N,Martin,Brundle,01/06/1959,British,http://en.wikipedia.org/wiki/Martin_Brundle,United Kingdom
85,montermini,\N,\N,Andrea,Montermini,30/05/1964,Italian,http://en.wikipedia.org/wiki/Andrea_Montermini,Italy
86,lavaggi,\N,\N,Giovanni,Lavaggi,18/02/1958,Italian,http://en.wikipedia.org/wiki/Giovanni_Lavaggi,Italy
87,blundell,\N,\N,Mark,Blundell,08/04/1966,British,http://en.wikipedia.org/wiki/Mark_Blundell,United Kingdom
88,suzuki,\N,\N,Aguri,Suzuki,08/09/1960,Japanese,http://en.wikipedia.org/wiki/Aguri_Suzuki,Japan
89,inoue,\N,\N,Taki,Inoue,05/09/1963,Japanese,http://en.wikipedia.org/wiki/Taki_Inoue,Japan
90,moreno,\N,\N,Roberto,Moreno,11/02/1959,Brazilian,http://en.wikipedia.org/wiki/Roberto_Moreno,Brazil
91,wendlinger,\N,\N,Karl,Wendlinger,20/12/1968,Austrian,http://en.wikipedia.org/wiki/Karl_Wendlinger,Austria
92,gachot,\N,\N,Bertrand,Gachot,23/12/1962,Belgian,http://en.wikipedia.org/wiki/Bertrand_Gachot,Belgium
93,schiattarella,\N,\N,Domenico,Schiattarella,17/11/1967,Italian,http://en.wikipedia.org/wiki/Domenico_Schiattarella,Italy
94,martini,\N,\N,Pierluigi,Martini,23/04/1961,Italian,http://en.wikipedia.org/wiki/Pierluigi_Martini,Italy
95,mansell,\N,\N,Nigel,Mansell,08/08/1953,British,http://en.wikipedia.org/wiki/Nigel_Mansell,United Kingdom
96,boullion,\N,\N,Jean-Christophe,Boullion,27/12/1969,French,http://en.wikipedia.org/wiki/Jean-Christophe_Boullion,France
97,papis,\N,\N,Massimiliano,Papis,03/10/1969,Italian,http://en.wikipedia.org/wiki/Massimiliano_Papis,Italy
98,deletraz,\N,\N,Jean-Denis,Délétraz,01/10/1963,Swiss,http://en.wikipedia.org/wiki/Jean-Denis_Deletraz,Switzerland
99,tarquini,\N,\N,Gabriele,Tarquini,02/03/1962,Italian,http://en.wikipedia.org/wiki/Gabriele_Tarquini,Italy
100,comas,\N,\N,Érik,Comas,28/09/1963,French,http://en.wikipedia.org/wiki/%C3%89rik_Comas,France
101,brabham,\N,\N,David,Brabham,05/09/1965,Australian,http://en.wikipedia.org/wiki/David_Brabham,Australia
102,senna,\N,\N,Ayrton,Senna,21/03/1960,Brazilian,http://en.wikipedia.org/wiki/Ayrton_Senna,Brazil
103,bernard,\N,\N,Éric,Bernard,24/08/1964,French,http://en.wikipedia.org/wiki/%C3%89ric_Bernard,France
104,fittipaldi,\N,\N,Christian,Fittipaldi,18/01/1971,Brazilian,http://en.wikipedia.org/wiki/Christian_Fittipaldi,Brazil
105,alboreto,\N,\N,Michele,Alboreto,23/12/1956,Italian,http://en.wikipedia.org/wiki/Michele_Alboreto,Italy
106,beretta,\N,\N,Olivier,Beretta,23/11/1969,Monegasque,http://en.wikipedia.org/wiki/Olivier_Beretta,Monaco
107,ratzenberger,\N,\N,Roland,Ratzenberger,04/07/1960,Austrian,http://en.wikipedia.org/wiki/Roland_Ratzenberger,Austria
108,belmondo,\N,\N,Paul,Belmondo,23/04/1963,French,http://en.wikipedia.org/wiki/Paul_Belmondo,France
109,lehto,\N,\N,Jyrki,Järvilehto,31/01/1966,Finnish,http://en.wikipedia.org/wiki/Jyrki_J%C3%A4rvilehto,Finland
110,cesaris,\N,\N,Andrea,de Cesaris,31/05/1959,Italian,http://en.wikipedia.org/wiki/Andrea_de_Cesaris,Italy
111,gounon,\N,\N,Jean-Marc,Gounon,01/01/1963,French,http://en.wikipedia.org/wiki/Jean-Marc_Gounon,France
112,alliot,\N,\N,Philippe,Alliot,27/07/1954,French,http://en.wikipedia.org/wiki/Philippe_Alliot,France
113,adams,\N,\N,Philippe,Adams,19/11/1969,Belgian,http://en.wikipedia.org/wiki/Philippe_Adams,Belgium
114,dalmas,\N,\N,Yannick,Dalmas,28/07/1961,French,http://en.wikipedia.org/wiki/Yannick_Dalmas,France
115,noda,\N,\N,Hideki,Noda,07/03/1969,Japanese,http://en.wikipedia.org/wiki/Hideki_Noda,Japan
116,lagorce,\N,\N,Franck,Lagorce,01/09/1968,French,http://en.wikipedia.org/wiki/Franck_Lagorce,France
117,prost,\N,\N,Alain,Prost,24/02/1955,French,http://en.wikipedia.org/wiki/Alain_Prost,France
118,warwick,\N,\N,Derek,Warwick,27/08/1954,British,http://en.wikipedia.org/wiki/Derek_Warwick,United Kingdom
119,patrese,\N,\N,Riccardo,Patrese,17/04/1954,Italian,http://en.wikipedia.org/wiki/Riccardo_Patrese,Italy
120,barbazza,\N,\N,Fabrizio,Barbazza,02/04/1963,Italian,http://en.wikipedia.org/wiki/Fabrizio_Barbazza,Italy
121,andretti,\N,\N,Michael,Andretti,05/10/1962,American,http://en.wikipedia.org/wiki/Michael_Andretti,United States
122,capelli,\N,\N,Ivan,Capelli,24/05/1963,Italian,http://en.wikipedia.org/wiki/Ivan_Capelli,Italy
123,boutsen,\N,\N,Thierry,Boutsen,13/07/1957,Belgian,http://en.wikipedia.org/wiki/Thierry_Boutsen,Belgium
124,apicella,\N,\N,Marco,Apicella,07/10/1965,Italian,http://en.wikipedia.org/wiki/Marco_Apicella,Italy
125,naspetti,\N,\N,Emanuele,Naspetti,24/02/1968,Italian,http://en.wikipedia.org/wiki/Emanuele_Naspetti,Italy
126,toshio_suzuki,\N,\N,Toshio,Suzuki,10/03/1955,Japanese,http://en.wikipedia.org/wiki/Toshio_Suzuki_(driver),Japan
127,gugelmin,\N,\N,Maurício,Gugelmin,20/04/1963,Brazilian,http://en.wikipedia.org/wiki/Maur%C3%ADcio_Gugelmin,Brazil
128,poele,\N,\N,Eric,van de Poele,30/09/1961,Belgian,http://en.wikipedia.org/wiki/Eric_van_de_Poele,Belgium
129,grouillard,\N,\N,Olivier,Grouillard,02/09/1958,French,http://en.wikipedia.org/wiki/Olivier_Grouillard,France
130,chiesa,\N,\N,Andrea,Chiesa,06/05/1964,Swiss,http://en.wikipedia.org/wiki/Andrea_Chiesa,Switzerland
131,modena,\N,\N,Stefano,Modena,12/05/1963,Italian,http://en.wikipedia.org/wiki/Stefano_Modena,Italy
132,amati,\N,\N,Giovanna,Amati,20/07/1959,Italian,http://en.wikipedia.org/wiki/Giovanna_Amati,Italy
133,caffi,\N,\N,Alex,Caffi,18/03/1964,Italian,http://en.wikipedia.org/wiki/Alex_Caffi,Italy
134,bertaggia,\N,\N,Enrico,Bertaggia,19/09/1964,Italian,http://en.wikipedia.org/wiki/Enrico_Bertaggia,Italy
135,mccarthy,\N,\N,Perry,McCarthy,03/03/1961,British,http://en.wikipedia.org/wiki/Perry_McCarthy,United Kingdom
136,lammers,\N,\N,Jan,Lammers,02/06/1956,Dutch,http://en.wikipedia.org/wiki/Jan_Lammers,Netherlands
137,piquet,\N,\N,Nelson,Piquet,17/08/1952,Brazilian,http://en.wikipedia.org/wiki/Nelson_Piquet,Brazil
138,satoru_nakajima,\N,\N,Satoru,Nakajima,23/02/1953,Japanese,http://en.wikipedia.org/wiki/Satoru_Nakajima,Japan
139,pirro,\N,\N,Emanuele,Pirro,12/01/1962,Italian,http://en.wikipedia.org/wiki/Emanuele_Pirro,Italy
140,johansson,\N,\N,Stefan,Johansson,08/09/1956,Swedish,http://en.wikipedia.org/wiki/Stefan_Johansson,Sweden
141,bailey,\N,\N,Julian,Bailey,09/10/1961,British,http://en.wikipedia.org/wiki/Julian_Bailey,United Kingdom
142,chaves,\N,\N,Pedro,Chaves,27/02/1965,Portuguese,http://en.wikipedia.org/wiki/Pedro_Chaves,Portugal
143,bartels,\N,\N,Michael,Bartels,08/03/1968,German,http://en.wikipedia.org/wiki/Michael_Bartels,Germany
144,hattori,\N,\N,Naoki,Hattori,13/06/1966,Japanese,http://en.wikipedia.org/wiki/Naoki_Hattori,Japan
145,nannini,\N,\N,Alessandro,Nannini,07/07/1959,Italian,http://en.wikipedia.org/wiki/Alessandro_Nannini,Italy
146,schneider,\N,\N,Bernd,Schneider,20/07/1964,German,http://en.wikipedia.org/wiki/Bernd_Schneider_(racecar_driver),Germany
147,barilla,\N,\N,Paolo,Barilla,20/04/1961,Italian,http://en.wikipedia.org/wiki/Paolo_Barilla,Italy
148,foitek,\N,\N,Gregor,Foitek,27/03/1965,Swiss,http://en.wikipedia.org/wiki/Gregor_Foitek,Switzerland
149,langes,\N,\N,Claudio,Langes,20/07/1960,Italian,http://en.wikipedia.org/wiki/Claudio_Langes,Italy
150,gary_brabham,\N,\N,Gary,Brabham,29/03/1961,Australian,http://en.wikipedia.org/wiki/Gary_Brabham,Australia
151,donnelly,\N,\N,Martin,Donnelly,26/03/1964,British,http://en.wikipedia.org/wiki/Martin_Donnelly_(racing_driver),United Kingdom
152,giacomelli,\N,\N,Bruno,Giacomelli,10/09/1952,Italian,http://en.wikipedia.org/wiki/Bruno_Giacomelli,Italy
153,alguersuari,\N,ALG,Jaime,Alguersuari,23/03/1990,Spanish,http://en.wikipedia.org/wiki/Jaime_Alguersuari,Spain
154,grosjean,8,GRO,Romain,Grosjean,17/04/1986,French,http://en.wikipedia.org/wiki/Romain_Grosjean,France
155,kobayashi,10,KOB,Kamui,Kobayashi,13/09/1986,Japanese,http://en.wikipedia.org/wiki/Kamui_Kobayashi,Japan
156,palmer,\N,\N,Jonathan,Palmer,07/11/1956,British,http://en.wikipedia.org/wiki/Jonathan_Palmer,United Kingdom
157,danner,\N,\N,Christian,Danner,04/04/1958,German,http://en.wikipedia.org/wiki/Christian_Danner,Germany
158,cheever,\N,\N,Eddie,Cheever,10/01/1958,American,http://en.wikipedia.org/wiki/Eddie_Cheever,United States
159,sala,\N,\N,Luis,Pérez-Sala,15/05/1959,Spanish,http://en.wikipedia.org/wiki/Luis_Perez-Sala,Spain
160,ghinzani,\N,\N,Piercarlo,Ghinzani,16/01/1952,Italian,http://en.wikipedia.org/wiki/Piercarlo_Ghinzani,Italy
161,weidler,\N,\N,Volker,Weidler,18/03/1962,German,http://en.wikipedia.org/wiki/Volker_Weidler,Germany
162,raphanel,\N,\N,Pierre-Henri,Raphanel,27/05/1961,French,http://en.wikipedia.org/wiki/Pierre-Henri_Raphanel,France
163,arnoux,\N,\N,René,Arnoux,04/07/1948,French,http://en.wikipedia.org/wiki/Ren%C3%A9_Arnoux,France
164,joachim_winkelhock,\N,\N,Joachim,Winkelhock,24/10/1960,German,http://en.wikipedia.org/wiki/Joachim_Winkelhock,Germany
165,larrauri,\N,\N,Oscar,Larrauri,19/08/1954,Argentine,http://en.wikipedia.org/wiki/Oscar_Larrauri,Argentina
166,streiff,\N,\N,Philippe,Streiff,26/06/1955,French,http://en.wikipedia.org/wiki/Philippe_Streiff,France
167,campos,\N,\N,Adrián,Campos,17/06/1960,Spanish,http://en.wikipedia.org/wiki/Adri%C3%A1n_Campos,Spain
168,schlesser,\N,\N,Jean-Louis,Schlesser,12/09/1948,French,http://en.wikipedia.org/wiki/Jean-Louis_Schlesser,France
169,fabre,\N,\N,Pascal,Fabre,09/01/1960,French,http://en.wikipedia.org/wiki/Pascal_Fabre,France
170,fabi,\N,\N,Teo,Fabi,09/03/1955,Italian,http://en.wikipedia.org/wiki/Teo_Fabi,Italy
171,forini,\N,\N,Franco,Forini,22/09/1958,Swiss,http://en.wikipedia.org/wiki/Franco_Forini,Switzerland
172,laffite,\N,\N,Jacques,Laffite,21/11/1943,French,http://en.wikipedia.org/wiki/Jacques_Laffite,France
173,angelis,\N,\N,Elio,de Angelis,26/03/1958,Italian,http://en.wikipedia.org/wiki/Elio_de_Angelis,Italy
174,dumfries,\N,\N,Johnny,Dumfries,26/04/1958,British,http://en.wikipedia.org/wiki/Johnny_Dumfries,United Kingdom
175,tambay,\N,\N,Patrick,Tambay,25/06/1949,French,http://en.wikipedia.org/wiki/Patrick_Tambay,France
176,surer,\N,\N,Marc,Surer,18/09/1951,Swiss,http://en.wikipedia.org/wiki/Marc_Surer,Switzerland
177,keke_rosberg,\N,\N,Keke,Rosberg,06/12/1948,Finnish,http://en.wikipedia.org/wiki/Keke_Rosberg,Finland
178,jones,\N,\N,Alan,Jones,02/11/1946,Australian,http://en.wikipedia.org/wiki/Alan_Jones_(Formula_1),Australia
179,rothengatter,\N,\N,Huub,Rothengatter,08/10/1954,Dutch,http://en.wikipedia.org/wiki/Huub_Rothengatter,Netherlands
180,berg,\N,\N,Allen,Berg,01/08/1961,Canadian,http://en.wikipedia.org/wiki/Allen_Berg,Canada
181,manfred_winkelhock,\N,\N,Manfred,Winkelhock,06/10/1951,German,http://en.wikipedia.org/wiki/Manfred_Winkelhock,Germany
182,lauda,\N,\N,Niki,Lauda,22/02/1949,Austrian,http://en.wikipedia.org/wiki/Niki_Lauda,Austria
183,hesnault,\N,\N,François,Hesnault,30/12/1956,French,http://en.wikipedia.org/wiki/Fran%C3%A7ois_Hesnault,France
184,baldi,\N,\N,Mauro,Baldi,31/01/1954,Italian,http://en.wikipedia.org/wiki/Mauro_Baldi,Italy
185,bellof,\N,\N,Stefan,Bellof,20/11/1957,German,http://en.wikipedia.org/wiki/Stefan_Bellof,Germany
186,acheson,\N,\N,Kenny,Acheson,27/11/1957,British,http://en.wikipedia.org/wiki/Kenny_Acheson,United Kingdom
187,watson,\N,\N,John,Watson,04/05/1946,British,http://en.wikipedia.org/wiki/John_Watson_(racing_driver),United Kingdom
188,cecotto,\N,\N,Johnny,Cecotto,25/01/1956,Venezuelan,http://en.wikipedia.org/wiki/Johnny_Cecotto,Venezuela
189,gartner,\N,\N,Jo,Gartner,24/01/1954,Austrian,http://en.wikipedia.org/wiki/Jo_Gartner,Austria
190,corrado_fabi,\N,\N,Corrado,Fabi,12/04/1961,Italian,http://en.wikipedia.org/wiki/Corrado_Fabi,Italy
191,thackwell,\N,\N,Mike,Thackwell,30/03/1961,New Zealander,http://en.wikipedia.org/wiki/Mike_Thackwell,New Zealand
192,serra,\N,\N,Chico,Serra,03/02/1957,Brazilian,http://en.wikipedia.org/wiki/Chico_Serra,Brazil
193,sullivan,\N,\N,Danny,Sullivan,09/03/1950,American,http://en.wikipedia.org/wiki/Danny_Sullivan,United States
194,salazar,\N,\N,Eliseo,Salazar,14/11/1954,Chilean,http://en.wikipedia.org/wiki/Eliseo_Salazar,Chile
195,guerrero,\N,\N,Roberto,Guerrero,16/11/1958,Colombian,http://en.wikipedia.org/wiki/Roberto_Guerrero,Colombia
196,boesel,\N,\N,Raul,Boesel,04/12/1957,Brazilian,http://en.wikipedia.org/wiki/Raul_Boesel,Brazil
197,jarier,\N,\N,Jean-Pierre,Jarier,10/07/1946,French,http://en.wikipedia.org/wiki/Jean-Pierre_Jarier,France
198,villeneuve_sr,\N,\N,Jacques,Villeneuve Sr.,04/11/1953,Canadian,http://en.wikipedia.org/wiki/Jacques_Villeneuve_(elder),Canada
199,reutemann,\N,\N,Carlos,Reutemann,12/04/1942,Argentine,http://en.wikipedia.org/wiki/Carlos_Reutemann,Argentina
200,mass,\N,\N,Jochen,Mass,30/09/1946,German,http://en.wikipedia.org/wiki/Jochen_Mass,Germany
201,borgudd,\N,\N,Slim,Borgudd,25/11/1946,Swedish,http://en.wikipedia.org/wiki/Slim_Borgudd,Sweden
202,pironi,\N,\N,Didier,Pironi,26/03/1952,French,http://en.wikipedia.org/wiki/Didier_Pironi,France
203,gilles_villeneuve,\N,\N,Gilles,Villeneuve,18/01/1950,Canadian,http://en.wikipedia.org/wiki/Gilles_Villeneuve,Canada
204,paletti,\N,\N,Riccardo,Paletti,15/06/1958,Italian,http://en.wikipedia.org/wiki/Riccardo_Paletti,Italy
205,henton,\N,\N,Brian,Henton,19/09/1946,British,http://en.wikipedia.org/wiki/Brian_Henton,United Kingdom
206,daly,\N,\N,Derek,Daly,11/03/1953,Irish,http://en.wikipedia.org/wiki/Derek_Daly,Ireland
207,mario_andretti,\N,\N,Mario,Andretti,28/02/1940,American,http://en.wikipedia.org/wiki/Mario_Andretti,United States
208,villota,\N,\N,Emilio,de Villota,26/07/1946,Spanish,http://en.wikipedia.org/wiki/Emilio_de_Villota,Spain
209,lees,\N,\N,Geoff,Lees,01/05/1951,British,http://en.wikipedia.org/wiki/Geoff_Lees,United Kingdom
210,byrne,\N,\N,Tommy,Byrne,06/05/1958,Irish,http://en.wikipedia.org/wiki/Tommy_Byrne_%28racing_driver%29,Ireland
211,keegan,\N,\N,Rupert,Keegan,26/02/1955,British,http://en.wikipedia.org/wiki/Rupert_Keegan,United Kingdom
212,rebaque,\N,\N,Hector,Rebaque,05/02/1956,Mexican,http://en.wikipedia.org/wiki/Hector_Rebaque,Mexico
213,gabbiani,\N,\N,Beppe,Gabbiani,02/01/1957,Italian,http://en.wikipedia.org/wiki/Beppe_Gabbiani,Italy
214,cogan,\N,\N,Kevin,Cogan,31/03/1956,American,http://en.wikipedia.org/wiki/Kevin_Cogan,United States
215,guerra,\N,\N,Miguel Ángel,Guerra,31/08/1953,Argentine,http://en.wikipedia.org/wiki/Miguel_Angel_Guerra,Argentina
216,stohr,\N,\N,Siegfried,Stohr,10/10/1952,Italian,http://en.wikipedia.org/wiki/Siegfried_Stohr,Italy
217,zunino,\N,\N,Ricardo,Zunino,13/04/1949,Argentine,http://en.wikipedia.org/wiki/Ricardo_Zunino,Argentina
218,londono,\N,\N,Ricardo,Londoño,08/08/1949,Colombian,http://en.wikipedia.org/wiki/Ricardo_Londo%C3%B1o,Colombia
219,jabouille,\N,\N,Jean-Pierre,Jabouille,01/10/1942,French,http://en.wikipedia.org/wiki/Jean-Pierre_Jabouille,France
220,francia,\N,\N,Giorgio,Francia,08/11/1947,Italian,http://en.wikipedia.org/wiki/Giorgio_Francia,Italy
221,depailler,\N,\N,Patrick,Depailler,09/08/1944,French,http://en.wikipedia.org/wiki/Patrick_Depailler,France
222,scheckter,\N,\N,Jody,Scheckter,29/01/1950,South African,http://en.wikipedia.org/wiki/Jody_Scheckter,South Africa
223,regazzoni,\N,\N,Clay,Regazzoni,05/09/1939,Swiss,http://en.wikipedia.org/wiki/Clay_Regazzoni,Switzerland
224,emerson_fittipaldi,\N,\N,Emerson,Fittipaldi,12/12/1946,Brazilian,http://en.wikipedia.org/wiki/Emerson_Fittipaldi,Brazil
225,kennedy,\N,\N,Dave,Kennedy,15/01/1953,Irish,http://en.wikipedia.org/wiki/David_Kennedy_(racing_driver),Ireland
226,south,\N,\N,Stephen,South,19/02/1952,British,http://en.wikipedia.org/wiki/Stephen_South,United Kingdom
227,needell,\N,\N,Tiff,Needell,29/10/1951,British,http://en.wikipedia.org/wiki/Tiff_Needell,United Kingdom
228,desire_wilson,\N,\N,Desiré,Wilson,26/11/1953,South African,http://en.wikipedia.org/wiki/Desir%C3%A9_Wilson,South Africa
229,ertl,\N,\N,Harald,Ertl,31/08/1948,Austrian,http://en.wikipedia.org/wiki/Harald_Ertl,Austria
230,brambilla,\N,\N,Vittorio,Brambilla,11/11/1937,Italian,http://en.wikipedia.org/wiki/Vittorio_Brambilla,Italy
231,hunt,\N,\N,James,Hunt,29/08/1947,British,http://en.wikipedia.org/wiki/James_Hunt,United Kingdom
232,merzario,\N,\N,Arturo,Merzario,11/03/1943,Italian,http://en.wikipedia.org/wiki/Arturo_Merzario,Italy
233,stuck,\N,\N,Hans-Joachim,Stuck,01/01/1951,German,http://en.wikipedia.org/wiki/Hans_Joachim_Stuck,Germany
234,brancatelli,\N,\N,Gianfranco,Brancatelli,18/01/1950,Italian,http://en.wikipedia.org/wiki/Gianfranco_Brancatelli,Italy
235,ickx,\N,\N,Jacky,Ickx,01/01/1945,Belgian,http://en.wikipedia.org/wiki/Jacky_Ickx,Belgium
236,gaillard,\N,\N,Patrick,Gaillard,12/02/1952,French,http://en.wikipedia.org/wiki/Patrick_Gaillard,France
237,ribeiro,\N,\N,Alex,Ribeiro,07/11/1948,Brazilian,http://en.wikipedia.org/wiki/Alex_Ribeiro,Brazil
238,peterson,\N,\N,Ronnie,Peterson,14/02/1944,Swedish,http://en.wikipedia.org/wiki/Ronnie_Peterson,Sweden
239,lunger,\N,\N,Brett,Lunger,14/11/1945,American,http://en.wikipedia.org/wiki/Brett_Lunger,United States
240,ongais,\N,\N,Danny,Ongais,21/05/1942,American,http://en.wikipedia.org/wiki/Danny_Ongais,United States
241,leoni,\N,\N,Lamberto,Leoni,24/05/1953,Italian,http://en.wikipedia.org/wiki/Lamberto_Leoni,Italy
242,galica,\N,\N,Divina,Galica,13/08/1944,British,http://en.wikipedia.org/wiki/Divina_Galica,United Kingdom
243,stommelen,\N,\N,Rolf,Stommelen,11/07/1943,German,http://en.wikipedia.org/wiki/Rolf_Stommelen,Germany
244,colombo,\N,\N,Alberto,Colombo,23/02/1946,Italian,http://en.wikipedia.org/wiki/Alberto_Colombo,Italy
245,trimmer,\N,\N,Tony,Trimmer,24/01/1943,British,http://en.wikipedia.org/wiki/Tony_Trimmer,United Kingdom
246,binder,\N,\N,Hans,Binder,12/06/1948,Austrian,http://en.wikipedia.org/wiki/Hans_Binder,Austria
247,bleekemolen,\N,\N,Michael,Bleekemolen,02/10/1949,Dutch,http://en.wikipedia.org/wiki/Michael_Bleekemolen,Netherlands
248,gimax,\N,\N,Carlo,Franchi,01/01/1938,Italian,http://en.wikipedia.org/wiki/Gimax,Italy
249,rahal,\N,\N,Bobby,Rahal,10/01/1953,American,http://en.wikipedia.org/wiki/Bobby_Rahal,United States
250,pace,\N,\N,Carlos,Pace,06/10/1944,Brazilian,http://en.wikipedia.org/wiki/Carlos_Pace,Brazil
251,ian_scheckter,\N,\N,Ian,Scheckter,22/08/1947,South African,http://en.wikipedia.org/wiki/Ian_Scheckter,South Africa
252,pryce,\N,\N,Tom,Pryce,11/06/1949,British,http://en.wikipedia.org/wiki/Tom_Pryce,United Kingdom
253,hoffmann,\N,\N,Ingo,Hoffmann,28/02/1953,Brazilian,http://en.wikipedia.org/wiki/Ingo_Hoffmann,Brazil
254,zorzi,\N,\N,Renzo,Zorzi,12/12/1946,Italian,http://en.wikipedia.org/wiki/Renzo_Zorzi,Italy
255,nilsson,\N,\N,Gunnar,Nilsson,20/11/1948,Swedish,http://en.wikipedia.org/wiki/Gunnar_Nilsson,Sweden
256,perkins,\N,\N,Larry,Perkins,18/03/1950,Australian,http://en.wikipedia.org/wiki/Larry_Perkins,Australia
257,hayje,\N,\N,Boy,Lunger,03/05/1949,Dutch,http://en.wikipedia.org/wiki/Boy_Hayje,Netherlands
258,neve,\N,\N,Patrick,Nève,13/10/1949,Belgian,http://en.wikipedia.org/wiki/Patrick_Neve,Belgium
259,purley,\N,\N,David,Purley,26/01/1945,British,http://en.wikipedia.org/wiki/David_Purley,United Kingdom
260,andersson,\N,\N,Conny,Andersson,28/12/1939,Swedish,http://en.wikipedia.org/wiki/Conny_Andersson_(racing_driver),Sweden
261,dryver,\N,\N,Bernard,de Dryver,19/09/1952,Belgian,http://en.wikipedia.org/wiki/Bernard_de_Dryver,Belgium
262,oliver,\N,\N,Jackie,Oliver,14/08/1942,British,http://en.wikipedia.org/wiki/Jackie_Oliver,United Kingdom
263,kozarowitzky,\N,\N,Mikko,Kozarowitzky,17/05/1948,Finnish,http://en.wikipedia.org/wiki/Mikko_Kozarowitzky,Finland
264,sutcliffe,\N,\N,Andy,Sutcliffe,09/05/1947,British,http://en.wikipedia.org/wiki/Andy_Sutcliffe,United Kingdom
265,edwards,\N,\N,Guy,Edwards,30/12/1942,British,http://en.wikipedia.org/wiki/Guy_Edwards,United Kingdom
266,mcguire,\N,\N,Brian,McGuire,13/12/1945,Australian,http://en.wikipedia.org/wiki/Brian_McGuire,Australia
267,schuppan,\N,\N,Vern,Schuppan,19/03/1943,Australian,http://en.wikipedia.org/wiki/Vern_Schuppan,Australia
268,heyer,\N,\N,Hans,Heyer,16/03/1943,German,http://en.wikipedia.org/wiki/Hans_Heyer,Germany
269,pilette,\N,\N,Teddy,Pilette,26/07/1942,Belgian,http://en.wikipedia.org/wiki/Teddy_Pilette,Belgium
270,ashley,\N,\N,Ian,Ashley,26/10/1947,British,http://en.wikipedia.org/wiki/Ian_Ashley,United Kingdom
271,kessel,\N,\N,Loris,Kessel,01/04/1950,Swiss,http://en.wikipedia.org/wiki/Loris_Kessel,Switzerland
272,takahashi,\N,\N,Kunimitsu,Takahashi,29/01/1940,Japanese,http://en.wikipedia.org/wiki/Kunimitsu_Takahashi,Japan
273,hoshino,\N,\N,Kazuyoshi,Hoshino,01/07/1947,Japanese,http://en.wikipedia.org/wiki/Kazuyoshi_Hoshino,Japan
274,takahara,\N,\N,Noritake,Takahara,06/06/1951,Japanese,http://en.wikipedia.org/wiki/Noritake_Takahara,Japan
275,lombardi,\N,\N,Lella,Lombardi,26/03/1941,Italian,http://en.wikipedia.org/wiki/Lella_Lombardi,Italy
276,evans,\N,\N,Bob,Evans,11/06/1947,British,http://en.wikipedia.org/wiki/Bob_Evans_(race_driver),United Kingdom
277,leclere,\N,\N,Michel,Leclère,18/03/1946,French,http://en.wikipedia.org/wiki/Michel_Lecl%C3%A8re,France
278,amon,\N,\N,Chris,Amon,20/07/1943,New Zealander,http://en.wikipedia.org/wiki/Chris_Amon,New Zealand
279,zapico,\N,\N,Emilio,Zapico,27/05/1944,Spanish,http://en.wikipedia.org/wiki/Emilio_Zapico,Spain
280,pescarolo,\N,\N,Henri,Pescarolo,25/09/1942,French,http://en.wikipedia.org/wiki/Henri_Pescarolo,France
281,nelleman,\N,\N,Jac,Nelleman,19/04/1944,Danish,http://en.wikipedia.org/wiki/Jac_Nelleman,Denmark
282,magee,\N,\N,Damien,Magee,17/11/1945,British,http://en.wikipedia.org/wiki/Damien_Magee,United Kingdom
283,wilds,\N,\N,Mike,Wilds,07/01/1946,British,http://en.wikipedia.org/wiki/Mike_Wilds,United Kingdom
284,pesenti_rossi,\N,\N,Alessandro,Pesenti-Rossi,31/08/1942,Italian,http://en.wikipedia.org/wiki/Alessandro_Pesenti-Rossi,Italy
285,stuppacher,\N,\N,Otto,Stuppacher,03/03/1947,Austrian,http://en.wikipedia.org/wiki/Otto_Stuppacher,Austria
286,brown,\N,\N,Warwick,Brown,24/12/1949,Australian,http://en.wikipedia.org/wiki/Warwick_Brown,Australia
287,hasemi,\N,\N,Masahiro,Hasemi,13/11/1945,Japanese,http://en.wikipedia.org/wiki/Masahiro_Hasemi,Japan
288,donohue,\N,\N,Mark,Donohue,18/03/1937,American,http://en.wikipedia.org/wiki/Mark_Donohue,United States
289,hill,\N,\N,Graham,Hill,15/02/1929,British,http://en.wikipedia.org/wiki/Graham_Hill,United Kingdom
290,wilson_fittipaldi,\N,\N,Wilson,Fittipaldi,25/12/1943,Brazilian,http://en.wikipedia.org/wiki/Wilson_Fittipaldi,Brazil
291,tunmer,\N,\N,Guy,Tunmer,01/12/1948,South African,http://en.wikipedia.org/wiki/Guy_Tunmer,South Africa
292,keizan,\N,\N,Eddie,Keizan,12/09/1944,South African,http://en.wikipedia.org/wiki/Eddie_Keizan,South Africa
293,charlton,\N,\N,Dave,Charlton,27/10/1936,South African,http://en.wikipedia.org/wiki/Dave_Charlton,South Africa
294,brise,\N,\N,Tony,Brise,28/03/1952,British,http://en.wikipedia.org/wiki/Tony_Brise,United Kingdom
295,wunderink,\N,\N,Roelof,Wunderink,12/12/1948,Dutch,http://en.wikipedia.org/wiki/Roelof_Wunderink,Netherlands
296,migault,\N,\N,François,Migault,04/12/1944,French,http://en.wikipedia.org/wiki/Fran%C3%A7ois_Migault,France
297,palm,\N,\N,Torsten,Palm,23/07/1947,Swedish,http://en.wikipedia.org/wiki/Torsten_Palm,Sweden
298,lennep,\N,\N,Gijs,van Lennep,16/03/1942,Dutch,http://en.wikipedia.org/wiki/Gijs_Van_Lennep,Netherlands
299,fushida,\N,\N,Hiroshi,Fushida,10/03/1946,Japanese,http://en.wikipedia.org/wiki/Hiroshi_Fushida,Japan
300,nicholson,\N,\N,John,Nicholson,06/10/1941,New Zealander,http://en.wikipedia.org/wiki/John_Nicholson_(racing_driver),New Zealand
301,morgan,\N,\N,Dave,Morgan,07/08/1944,British,http://en.wikipedia.org/wiki/Dave_Morgan_(racing_driver),United Kingdom
302,crawford,\N,\N,Jim,Crawford,13/02/1948,British,http://en.wikipedia.org/wiki/Jim_Crawford_(driver),United Kingdom
303,vonlanthen,\N,\N,Jo,Vonlanthen,31/05/1942,Swiss,http://en.wikipedia.org/wiki/Jo_Vonlanthen,Switzerland
304,hulme,\N,\N,Denny,Hulme,18/06/1936,New Zealander,http://en.wikipedia.org/wiki/Denny_Hulme,New Zealand
305,hailwood,\N,\N,Mike,Hailwood,02/04/1940,British,http://en.wikipedia.org/wiki/Mike_Hailwood,United Kingdom
306,beltoise,\N,\N,Jean-Pierre,Beltoise,26/04/1937,French,http://en.wikipedia.org/wiki/Jean-Pierre_Beltoise,France
307,ganley,\N,\N,Howden,Ganley,24/12/1941,New Zealander,http://en.wikipedia.org/wiki/Howden_Ganley,New Zealand
308,robarts,\N,\N,Richard,Robarts,22/09/1944,British,http://en.wikipedia.org/wiki/Richard_Robarts,United Kingdom
309,revson,\N,\N,Peter,Revson,27/02/1939,American,http://en.wikipedia.org/wiki/Peter_Revson,United States
310,driver,\N,\N,Paddy,Driver,13/05/1934,South African,http://en.wikipedia.org/wiki/Paddy_Driver,South Africa
311,belso,\N,\N,Tom,Belsø,27/08/1942,Danish,http://en.wikipedia.org/wiki/Tom_Bels%C3%B8,Denmark
312,redman,\N,\N,Brian,Redman,09/03/1937,British,http://en.wikipedia.org/wiki/Brian_Redman,United Kingdom
313,opel,\N,\N,Rikky,von Opel,14/10/1947,Liechtensteiner,http://en.wikipedia.org/wiki/Rikky_von_Opel,Liechtenstein
314,schenken,\N,\N,Tim,Schenken,26/09/1943,Australian,http://en.wikipedia.org/wiki/Tim_Schenken,Australia
315,larrousse,\N,\N,Gérard,Larrousse,23/05/1940,French,http://en.wikipedia.org/wiki/G%C3%A9rard_Larrousse,France
316,kinnunen,\N,\N,Leo,Kinnunen,05/08/1943,Finnish,http://en.wikipedia.org/wiki/Leo_Kinnunen,Finland
317,wisell,\N,\N,Reine,Wisell,30/09/1941,Swedish,http://en.wikipedia.org/wiki/Reine_Wisell,Sweden
318,roos,\N,\N,Bertil,Roos,12/10/1943,Swedish,http://en.wikipedia.org/wiki/Bertil_Roos,Sweden
319,dolhem,\N,\N,José,Dolhem,26/04/1944,French,http://en.wikipedia.org/wiki/Jos%C3%A9_Dolhem,France
320,gethin,\N,\N,Peter,Gethin,21/02/1940,British,http://en.wikipedia.org/wiki/Peter_Gethin,United Kingdom
321,bell,\N,\N,Derek,Bell,31/10/1941,British,http://en.wikipedia.org/wiki/Derek_Bell_(auto_racer),United Kingdom
322,hobbs,\N,\N,David,Hobbs,09/06/1939,British,http://en.wikipedia.org/wiki/David_Hobbs_(racing_driver),United Kingdom
323,quester,\N,\N,Dieter,Quester,30/05/1939,Austrian,http://en.wikipedia.org/wiki/Dieter_Quester,Austria
324,koinigg,\N,\N,Helmuth,Koinigg,03/11/1948,Austrian,http://en.wikipedia.org/wiki/Helmuth_Koinigg,Austria
325,facetti,\N,\N,Carlo,Facetti,26/06/1935,Italian,http://en.wikipedia.org/wiki/Carlo_Facetti,Italy
326,wietzes,\N,\N,Eppie,Wietzes,28/05/1938,Canadian,http://en.wikipedia.org/wiki/Eppie_Wietzes,Canada
327,cevert,\N,\N,François,Cevert,25/02/1944,French,http://en.wikipedia.org/wiki/Fran%C3%A7ois_Cevert,France
328,stewart,\N,\N,Jackie,Stewart,11/06/1939,British,http://en.wikipedia.org/wiki/Jackie_Stewart,United Kingdom
329,beuttler,\N,\N,Mike,Beuttler,13/04/1940,British,http://en.wikipedia.org/wiki/Mike_Beuttler,United Kingdom
330,galli,\N,\N,Nanni,Galli,02/10/1940,Italian,http://en.wikipedia.org/wiki/Nanni_Galli,Italy
331,bueno,\N,\N,Luiz,Bueno,16/01/1937,Brazilian,http://en.wikipedia.org/wiki/Luiz_Bueno,Brazil
332,follmer,\N,\N,George,Follmer,27/01/1934,American,http://en.wikipedia.org/wiki/George_Follmer,United States
333,adamich,\N,\N,Andrea,de Adamich,03/10/1941,Italian,http://en.wikipedia.org/wiki/Andrea_de_Adamich,Italy
334,pretorius,\N,\N,Jackie,Pretorius,22/11/1934,South African,http://en.wikipedia.org/wiki/Jackie_Pretorius,South Africa
335,williamson,\N,\N,Roger,Williamson,02/02/1948,British,http://en.wikipedia.org/wiki/Roger_Williamson,United Kingdom
336,mcrae,\N,\N,Graham,McRae,05/03/1940,New Zealander,http://en.wikipedia.org/wiki/Graham_McRae,New Zealand
337,marko,\N,\N,Helmut,Marko,27/04/1943,Austrian,http://en.wikipedia.org/wiki/Helmut_Marko,Austria
338,walker,\N,\N,David,Walker,10/06/1941,Australian,http://en.wikipedia.org/wiki/David_Walker_(racing_driver),Australia
339,roig,\N,\N,Alex,Soler-Roig,29/10/1932,Spanish,http://en.wikipedia.org/wiki/Alex_Soler-Roig,Spain
340,love,\N,\N,John,Love,07/12/1924,Rhodesian,http://en.wikipedia.org/wiki/John_Love_(racing_driver),Rhodesia
341,surtees,\N,\N,John,Surtees,11/02/1934,British,http://en.wikipedia.org/wiki/John_Surtees,United Kingdom
342,barber,\N,\N,Skip,Barber,16/11/1936,American,http://en.wikipedia.org/wiki/Skip_Barber,United States
343,brack,\N,\N,Bill,Brack,26/12/1935,Canadian,http://en.wikipedia.org/wiki/Bill_Brack,Canada
344,posey,\N,\N,Sam,Posey,26/05/1944,American,http://en.wikipedia.org/wiki/Sam_Posey,United States
345,rodriguez,\N,\N,Pedro,Rodríguez,18/01/1940,Mexican,http://en.wikipedia.org/wiki/Pedro_Rodr%C3%ADguez_(racing_driver),Mexico
346,siffert,\N,\N,Jo,Siffert,07/07/1936,Swiss,http://en.wikipedia.org/wiki/Jo_Siffert,Switzerland
347,bonnier,\N,\N,Jo,Bonnier,31/01/1930,Swedish,http://en.wikipedia.org/wiki/Joakim_Bonnier,Sweden
348,mazet,\N,\N,François,Mazet,24/02/1943,French,http://en.wikipedia.org/wiki/Fran%C3%A7ois_Mazet,France
349,jean,\N,\N,Max,Jean,27/07/1943,French,http://en.wikipedia.org/wiki/Max_Jean,France
350,elford,\N,\N,Vic,Elford,10/06/1935,British,http://en.wikipedia.org/wiki/Vic_Elford,United Kingdom
351,moser,\N,\N,Silvio,Moser,24/04/1941,Swiss,http://en.wikipedia.org/wiki/Silvio_Moser,Switzerland
352,eaton,\N,\N,George,Eaton,12/11/1945,Canadian,http://en.wikipedia.org/wiki/George_Eaton,Canada
353,lovely,\N,\N,Pete,Lovely,11/04/1926,American,http://en.wikipedia.org/wiki/Pete_Lovely,United States
354,craft,\N,\N,Chris,Craft,17/11/1939,British,http://en.wikipedia.org/wiki/Chris_Craft_(racing_driver),United Kingdom
355,Cannoc,\N,\N,John,Cannon,21/06/1933,Canadian,http://en.wikipedia.org/wiki/John_Cannon_(auto_racer),Canada
356,jack_brabham,\N,\N,Jack,Brabham,02/04/1926,Australian,http://en.wikipedia.org/wiki/Jack_Brabham,Australia
357,miles,\N,\N,John,Miles,14/06/1943,British,http://en.wikipedia.org/wiki/John_Miles_(auto_racer),United Kingdom
358,rindt,\N,\N,Jochen,Rindt,18/04/1942,Austrian,http://en.wikipedia.org/wiki/Jochen_Rindt,Austria
359,gavin,\N,\N,Johnny,Servoz-Gavin,18/01/1942,French,http://en.wikipedia.org/wiki/Johnny_Servoz-Gavin,France
360,mclaren,\N,\N,Bruce,McLaren,30/08/1937,New Zealander,http://en.wikipedia.org/wiki/Bruce_McLaren,New Zealand
361,courage,\N,\N,Piers,Courage,27/05/1942,British,http://en.wikipedia.org/wiki/Piers_Courage,United Kingdom
362,klerk,\N,\N,Peter,de Klerk,16/03/1935,South African,http://en.wikipedia.org/wiki/Peter_de_Klerk,South Africa
363,giunti,\N,\N,Ignazio,Giunti,30/08/1941,Italian,http://en.wikipedia.org/wiki/Ignazio_Giunti,Italy
364,gurney,\N,\N,Dan,Gurney,13/04/1931,American,http://en.wikipedia.org/wiki/Dan_Gurney,United States
365,hahne,\N,\N,Hubert,Hahne,28/03/1935,German,http://en.wikipedia.org/wiki/Hubert_Hahne,Germany
366,hutchison,\N,\N,Gus,Hutchison,26/04/1937,American,http://en.wikipedia.org/wiki/Gus_Hutchison,United States
367,westbury,\N,\N,Peter,Westbury,26/05/1938,British,http://en.wikipedia.org/wiki/Peter_Westbury,United Kingdom
368,tingle,\N,\N,Sam,Tingle,24/08/1921,Rhodesian,http://en.wikipedia.org/wiki/Sam_Tingle,Rhodesia
369,rooyen,\N,\N,Basil,van Rooyen,19/04/1939,South African,http://en.wikipedia.org/wiki/Basil_van_Rooyen,South Africa
370,attwood,\N,\N,Richard,Attwood,04/04/1940,British,http://en.wikipedia.org/wiki/Richard_Attwood,United Kingdom
371,pease,\N,\N,Al,Pease,15/10/1921,Canadian,http://en.wikipedia.org/wiki/Al_Pease,Canada
372,cordts,\N,\N,John,Cordts,23/07/1935,Canadian,http://en.wikipedia.org/wiki/John_Cordts,Canada
373,clark,\N,\N,Jim,Clark,04/03/1936,British,http://en.wikipedia.org/wiki/Jim_Clark,United Kingdom
374,spence,\N,\N,Mike,Spence,30/12/1936,British,http://en.wikipedia.org/wiki/Mike_Spence,United Kingdom
375,scarfiotti,\N,\N,Ludovico,Scarfiotti,18/10/1933,Italian,http://en.wikipedia.org/wiki/Ludovico_Scarfiotti,Italy
376,bianchi,\N,BIA,Lucien,Bianchi,10/11/1934,Belgian,http://en.wikipedia.org/wiki/Lucien_Bianchi,Belgium
377,jo_schlesser,\N,\N,Jo,Schlesser,18/05/1928,French,http://en.wikipedia.org/wiki/Jo_Schlesser,France
378,widdows,\N,\N,Robin,Widdows,27/05/1942,British,http://en.wikipedia.org/wiki/Robin_Widdows,United Kingdom
379,ahrens,\N,\N,Kurt,Ahrens,19/04/1940,German,"http://en.wikipedia.org/wiki/Kurt_Ahrens,_Jr.",Germany
380,gardner,\N,\N,Frank,Gardner,01/10/1930,Australian,http://en.wikipedia.org/wiki/Frank_Gardner_(driver),Australia
381,unser,\N,\N,Bobby,Unser,20/02/1934,American,http://en.wikipedia.org/wiki/Bobby_Unser,United States
382,solana,\N,\N,Moisés,Solana,26/12/1935,Mexican,http://en.wikipedia.org/wiki/Mois%C3%A9s_Solana,Mexico
383,anderson,\N,\N,Bob,Anderson,19/05/1931,British,http://en.wikipedia.org/wiki/Bob_Anderson_(racing_driver),United Kingdom
384,botha,\N,\N,Luki,Botha,16/01/1930,South African,http://en.wikipedia.org/wiki/Luki_Botha,South Africa
385,bandini,\N,\N,Lorenzo,Bandini,21/12/1935,Italian,http://en.wikipedia.org/wiki/Lorenzo_Bandini,Italy
386,ginther,\N,\N,Richie,Ginther,05/08/1930,American,http://en.wikipedia.org/wiki/Richie_Ginther,United States
387,parkes,\N,\N,Mike,Parkes,24/09/1931,British,http://en.wikipedia.org/wiki/Mike_Parkes,United Kingdom
388,irwin,\N,\N,Chris,Irwin,27/06/1942,British,http://en.wikipedia.org/wiki/Chris_Irwin,United Kingdom
389,ligier,\N,\N,Guy,Ligier,12/07/1930,French,http://en.wikipedia.org/wiki/Guy_Ligier,France
390,rees,\N,\N,Alan,Rees,12/01/1938,British,http://en.wikipedia.org/wiki/Alan_Rees_(racing_driver),United Kingdom
391,hart,\N,\N,Brian,Hart,07/09/1936,British,http://en.wikipedia.org/wiki/Brian_Hart,United Kingdom
392,fisher,\N,\N,Mike,Fisher,13/03/1943,American,http://en.wikipedia.org/wiki/Mike_Fisher_(driver),United States
393,tom_jones,\N,\N,Tom,Jones,26/04/1943,American,http://en.wikipedia.org/wiki/Tom_Jones_(auto_racer),United States
394,baghetti,\N,\N,Giancarlo,Baghetti,25/12/1934,Italian,http://en.wikipedia.org/wiki/Giancarlo_Baghetti,Italy
395,williams,\N,\N,Jonathan,Williams,26/10/1942,British,http://en.wikipedia.org/wiki/Jonathan_Williams_(racing_driver),United Kingdom
396,bondurant,\N,\N,Bob,Bondurant,27/04/1933,American,http://en.wikipedia.org/wiki/Bob_Bondurant,United States
397,arundell,\N,\N,Peter,Arundell,08/11/1933,British,http://en.wikipedia.org/wiki/Peter_Arundell,United Kingdom
398,vic_wilson,\N,\N,Vic,Wilson,14/04/1931,British,http://en.wikipedia.org/wiki/Vic_Wilson_(motor_racing_driver),United Kingdom
399,taylor,\N,\N,John,Taylor,23/03/1933,British,http://en.wikipedia.org/wiki/John_Taylor_(racer),United Kingdom
400,lawrence,\N,\N,Chris,Lawrence,27/07/1933,British,http://en.wikipedia.org/wiki/Chris_Lawrence_(racing_driver),United Kingdom
401,trevor_taylor,\N,\N,Trevor,Taylor,26/12/1936,British,http://en.wikipedia.org/wiki/Trevor_Taylor,United Kingdom
402,geki,\N,\N,Giacomo,Russo,23/10/1937,Italian,http://en.wikipedia.org/wiki/Geki_(driver),Italy
403,phil_hill,\N,\N,Phil,Hill,20/04/1927,American,http://en.wikipedia.org/wiki/Phil_Hill,United States
404,ireland,\N,\N,Innes,Ireland,12/06/1930,British,http://en.wikipedia.org/wiki/Innes_Ireland,United Kingdom
405,bucknum,\N,\N,Ronnie,Bucknum,05/04/1936,American,http://en.wikipedia.org/wiki/Ronnie_Bucknum,United States
406,hawkins,\N,\N,Paul,Hawkins,12/10/1937,Australian,http://en.wikipedia.org/wiki/Paul_Hawkins_(racing_driver),Australia
407,prophet,\N,\N,David,Prophet,09/10/1937,British,http://en.wikipedia.org/wiki/David_Prophet,United Kingdom
408,maggs,\N,\N,Tony,Maggs,09/02/1937,South African,http://en.wikipedia.org/wiki/Tony_Maggs,South Africa
409,blokdyk,\N,\N,Trevor,Blokdyk,30/11/1935,South African,http://en.wikipedia.org/wiki/Trevor_Blokdyk,South Africa
410,lederle,\N,\N,Neville,Lederle,25/09/1938,South African,http://en.wikipedia.org/wiki/Neville_Lederle,South Africa
411,serrurier,\N,\N,Doug,Serrurier,09/12/1920,South African,http://en.wikipedia.org/wiki/Doug_Serrurier,South Africa
412,niemann,\N,\N,Brausch,Niemann,07/01/1939,South African,http://en.wikipedia.org/wiki/Brausch_Niemann,South Africa
413,pieterse,\N,\N,Ernie,Pieterse,04/07/1938,South African,http://en.wikipedia.org/wiki/Ernie_Pieterse,South Africa
414,puzey,\N,\N,Clive,Puzey,11/07/1941,Rhodesian,http://en.wikipedia.org/wiki/Clive_Puzey,Rhodesia
415,reed,\N,\N,Ray,Reed,30/04/1932,South African,http://en.wikipedia.org/wiki/Ray_Reed,South Africa
416,clapham,\N,\N,David,Clapham,18/05/1931,South African,http://en.wikipedia.org/wiki/David_Clapham,South Africa
417,blignaut,\N,\N,Alex,Blignaut,30/11/1932,South African,http://en.wikipedia.org/wiki/Alex_Blignaut,South Africa
418,gregory,\N,\N,Masten,Gregory,29/02/1932,American,http://en.wikipedia.org/wiki/Masten_Gregory,United States
419,rhodes,\N,\N,John,Rhodes,18/08/1927,British,http://en.wikipedia.org/wiki/John_Rhodes_(driver),United Kingdom
420,raby,\N,\N,Ian,Raby,22/09/1921,British,http://en.wikipedia.org/wiki/Ian_Raby,United Kingdom
421,rollinson,\N,\N,Alan,Rollinson,15/05/1943,British,http://en.wikipedia.org/wiki/Alan_Rollinson,United Kingdom
422,gubby,\N,\N,Brian,Gubby,17/04/1934,British,http://en.wikipedia.org/wiki/Brian_Gubby,United Kingdom
423,mitter,\N,\N,Gerhard,Mitter,30/08/1935,German,http://en.wikipedia.org/wiki/Gerhard_Mitter,Germany
424,bussinello,\N,\N,Roberto,Bussinello,04/10/1927,Italian,http://en.wikipedia.org/wiki/Roberto_Bussinello,Italy
425,vaccarella,\N,\N,Nino,Vaccarella,04/03/1933,Italian,http://en.wikipedia.org/wiki/Nino_Vaccarella,Italy
426,bassi,\N,\N,Giorgio,Bassi,20/01/1934,Italian,http://en.wikipedia.org/wiki/Giorgio_Bassi,Italy
427,trintignant,\N,\N,Maurice,Trintignant,30/10/1917,French,http://en.wikipedia.org/wiki/Maurice_Trintignant,France
428,collomb,\N,\N,Bernard,Collomb,07/10/1930,French,http://en.wikipedia.org/wiki/Bernard_Collomb,France
429,andre_pilette,\N,\N,André,Pilette,06/10/1918,Belgian,http://en.wikipedia.org/wiki/Andr%C3%A9_Pilette,Belgium
430,beaufort,\N,\N,Carel Godin,de Beaufort,10/04/1934,Dutch,http://en.wikipedia.org/wiki/Carel_Godin_de_Beaufort,Netherlands
431,barth,\N,\N,Edgar,Barth,26/01/1917,German,http://en.wikipedia.org/wiki/Edgar_Barth,Germany
432,cabral,\N,\N,Mário de Araújo,Cabral,15/01/1934,Portuguese,http://en.wikipedia.org/wiki/Mario_de_Araujo_Cabral,Portugal
433,hansgen,\N,\N,Walt,Hansgen,28/10/1919,American,http://en.wikipedia.org/wiki/Walt_Hansgen,United States
434,sharp,\N,\N,Hap,Sharp,01/01/1928,American,http://en.wikipedia.org/wiki/Hap_Sharp,United States
435,mairesse,\N,\N,Willy,Mairesse,01/10/1928,Belgian,http://en.wikipedia.org/wiki/Willy_Mairesse,Belgium
436,campbell-jones,\N,\N,John,Campbell-Jones,21/01/1930,British,http://en.wikipedia.org/wiki/John_Campbell-Jones,United Kingdom
437,burgess,\N,\N,Ian,Burgess,06/07/1930,British,http://en.wikipedia.org/wiki/Ian_Burgess,United Kingdom
438,settember,\N,\N,Tony,Settember,10/07/1926,American,http://en.wikipedia.org/wiki/Tony_Settember,United States
439,estefano,\N,\N,Nasif,Estéfano,18/11/1932,Argentine,http://en.wikipedia.org/wiki/Nasif_Est%C3%A9fano,Argentina
440,hall,\N,\N,Jim,Hall,23/07/1935,American,http://en.wikipedia.org/wiki/Jim_Hall_(race_car_driver),United States
441,parnell,\N,\N,Tim,Parnell,25/06/1932,British,http://en.wikipedia.org/wiki/Tim_Parnell,United Kingdom
442,kuhnke,\N,\N,Kurt,Kuhnke,30/04/1910,German,http://en.wikipedia.org/wiki/Kurt_Kuhnke,Germany
443,ernesto_brambilla,\N,\N,Ernesto,Brambilla,31/01/1934,Italian,http://en.wikipedia.org/wiki/Ernesto_Brambilla,Italy
444,lippi,\N,\N,Roberto,Lippi,17/10/1926,Italian,http://en.wikipedia.org/wiki/Roberto_Lippi,Italy
445,seiffert,\N,\N,Günther,Seiffert,18/10/1937,German,http://en.wikipedia.org/wiki/G%C3%BCnther_Seiffert,Germany
446,abate,\N,\N,Carlo,Abate,10/07/1932,Italian,http://en.wikipedia.org/wiki/Carlo_Mario_Abate,Italy
447,starrabba,\N,\N,Gaetano,Starrabba,03/12/1932,Italian,http://en.wikipedia.org/wiki/Gaetano_Starrabba,Italy
448,broeker,\N,\N,Peter,Broeker,15/05/1926,Canadian,http://en.wikipedia.org/wiki/Peter_Broeker,Canada
449,ward,\N,\N,Rodger,Ward,10/01/1921,American,http://en.wikipedia.org/wiki/Rodger_Ward,United States
450,vos,\N,\N,Ernie,de Vos,01/07/1941,Dutch,http://en.wikipedia.org/wiki/Ernie_de_Vos,Netherlands
451,dochnal,\N,\N,Frank,Dochnal,08/10/1920,American,http://en.wikipedia.org/wiki/Frank_Dochnal,United States
452,monarch,\N,\N,Thomas,Monarch,03/09/1945,American,http://en.wikipedia.org/wiki/Talk:1963_Mexican_Grand_Prix#Who_was_Thomas_Monarch.3F,United States
842,gasly,10,GAS,Pierre,Gasly,07/02/1996,French,http://en.wikipedia.org/wiki/Pierre_Gasly,France
453,lewis,\N,\N,Jackie,Lewis,01/11/1936,British,http://en.wikipedia.org/wiki/Jackie_Lewis,United Kingdom
454,ricardo_rodriguez,\N,\N,Ricardo,Rodríguez,14/02/1942,Mexican,http://en.wikipedia.org/wiki/Ricardo_Rodr%C3%ADguez_(Formula_One),Mexico
455,seidel,\N,\N,Wolfgang,Seidel,04/07/1926,German,http://en.wikipedia.org/wiki/Wolfgang_Seidel,Germany
456,salvadori,\N,\N,Roy,Salvadori,12/05/1922,British,http://en.wikipedia.org/wiki/Roy_Salvadori,United Kingdom
457,pon,\N,\N,Ben,Pon,09/12/1936,Dutch,http://en.wikipedia.org/wiki/Ben_Pon,Netherlands
458,slotemaker,\N,\N,Rob,Slotemaker,13/06/1929,Dutch,http://en.wikipedia.org/wiki/Rob_Slotemaker,Netherlands
459,marsh,\N,\N,Tony,Marsh,20/07/1931,British,http://en.wikipedia.org/wiki/Tony_Marsh_(racing_driver),United Kingdom
460,ashmore,\N,\N,Gerry,Ashmore,25/07/1936,British,http://en.wikipedia.org/wiki/Gerry_Ashmore,United Kingdom
461,schiller,\N,\N,Heinz,Schiller,25/01/1930,Swiss,http://en.wikipedia.org/wiki/Heinz_Schiller,Switzerland
462,davis,\N,\N,Colin,Davis,29/07/1933,British,http://en.wikipedia.org/wiki/Colin_Davis_(driver),United Kingdom
463,chamberlain,\N,\N,Jay,Chamberlain,29/12/1925,American,http://en.wikipedia.org/wiki/Jay_Chamberlain,United States
464,shelly,\N,\N,Tony,Shelly,02/02/1937,New Zealander,http://en.wikipedia.org/wiki/Tony_Shelly,New Zealand
465,greene,\N,\N,Keith,Greene,05/01/1938,British,http://en.wikipedia.org/wiki/Keith_Greene,United Kingdom
466,walter,\N,\N,Heini,Walter,28/07/1927,Swiss,http://en.wikipedia.org/wiki/Heini_Walter,Switzerland
467,prinoth,\N,\N,Ernesto,Prinoth,15/04/1923,Italian,http://en.wikipedia.org/wiki/Ernesto_Prinoth,Italy
468,penske,\N,\N,Roger,Penske,20/02/1937,American,http://en.wikipedia.org/wiki/Roger_Penske,United States
469,schroeder,\N,\N,Rob,Schroeder,11/05/1926,British,http://en.wikipedia.org/wiki/Rob_Schroeder,United Kingdom
470,mayer,\N,\N,Timmy,Mayer,22/02/1938,American,http://en.wikipedia.org/wiki/Timmy_Mayer,United States
471,johnstone,\N,\N,Bruce,Johnstone,30/01/1937,South African,http://en.wikipedia.org/wiki/Bruce_Johnstone_(racing_driver),South Africa
472,harris,\N,\N,Mike,Harris,25/05/1939,South African,http://en.wikipedia.org/wiki/Mike_Harris_(race_car_driver),South Africa
473,hocking,\N,\N,Gary,Hocking,30/09/1937,Rhodesian,http://en.wikipedia.org/wiki/Gary_Hocking,Rhodesia
474,vyver,\N,\N,Syd,van der Vyver,01/06/1920,South African,http://en.wikipedia.org/wiki/Syd_van_der_Vyver,South Africa
475,moss,\N,\N,Stirling,Moss,17/09/1929,British,http://en.wikipedia.org/wiki/Stirling_Moss,United Kingdom
476,trips,\N,\N,Wolfgang,von Trips,04/05/1928,German,http://en.wikipedia.org/wiki/Wolfgang_Graf_Berghe_von_Trips,Germany
477,allison,\N,\N,Cliff,Allison,08/02/1932,British,http://en.wikipedia.org/wiki/Cliff_Allison,United Kingdom
478,herrmann,\N,\N,Hans,Herrmann,23/02/1928,German,http://en.wikipedia.org/wiki/Hans_Herrmann,Germany
479,brooks,\N,\N,Tony,Brooks,25/02/1932,British,http://en.wikipedia.org/wiki/Tony_Brooks,United Kingdom
480,may,\N,\N,Michael,May,18/08/1934,Swiss,http://en.wikipedia.org/wiki/Michael_May_(racing_driver),Switzerland
481,henry_taylor,\N,\N,Henry,Taylor,16/12/1932,British,http://en.wikipedia.org/wiki/Henry_Taylor_(racing_driver),United Kingdom
482,gendebien,\N,\N,Olivier,Gendebien,12/01/1924,Belgian,http://en.wikipedia.org/wiki/Olivier_Gendebien,Belgium
483,scarlatti,\N,\N,Giorgio,Scarlatti,02/10/1921,Italian,http://en.wikipedia.org/wiki/Giorgio_Scarlatti,Italy
484,naylor,\N,\N,Brian,Naylor,24/03/1923,British,http://en.wikipedia.org/wiki/Brian_Naylor,United Kingdom
485,bordeu,\N,\N,Juan Manuel,Bordeu,28/01/1934,Argentine,http://en.wikipedia.org/wiki/Juan_Manuel_Bordeu,Argentina
486,fairman,\N,\N,Jack,Fairman,15/03/1913,British,http://en.wikipedia.org/wiki/Jack_Fairman,United Kingdom
487,natili,\N,\N,Massimo,Natili,28/07/1935,Italian,http://en.wikipedia.org/wiki/Massimo_Natili,Italy
488,monteverdi,\N,\N,Peter,Monteverdi,07/06/1934,Swiss,http://en.wikipedia.org/wiki/Peter_Monteverdi,Switzerland
489,pirocchi,\N,\N,Renato,Pirocchi,26/03/1933,Italian,http://en.wikipedia.org/wiki/Renato_Pirocchi,Italy
490,duke,\N,\N,Geoff,Duke,29/03/1923,British,http://en.wikipedia.org/wiki/Geoff_Duke,United Kingdom
491,thiele,\N,\N,Alfonso,Thiele,05/04/1920,American-Italian,http://en.wikipedia.org/wiki/Alfonso_Thiele,United States
492,boffa,\N,\N,Menato,Boffa,04/01/1930,Italian,http://en.wikipedia.org/wiki/Menato_Boffa,Italy
493,ryan,\N,\N,Peter,Ryan,10/06/1940,Canadian,http://en.wikipedia.org/wiki/Peter_Ryan_(driver),Canada
494,ruby,\N,\N,Lloyd,Ruby,12/01/1928,American,http://en.wikipedia.org/wiki/Lloyd_Ruby,United States
495,ken_miles,\N,\N,Ken,Miles,01/11/1918,British,http://en.wikipedia.org/wiki/Ken_Miles,United Kingdom
496,menditeguy,\N,\N,Carlos,Menditeguy,10/08/1914,Argentine,http://en.wikipedia.org/wiki/Carlos_Menditeguy,Argentina
497,larreta,\N,\N,Alberto Rodriguez,Larreta,14/01/1934,Argentine,http://en.wikipedia.org/wiki/Alberto_Rodriguez_Larreta,Argentina
498,gonzalez,\N,\N,José Froilán,González,05/10/1922,Argentine,http://en.wikipedia.org/wiki/Jos%C3%A9_Froil%C3%A1n_Gonz%C3%A1lez,Argentina
499,bonomi,\N,\N,Roberto,Bonomi,30/09/1919,Argentine,http://en.wikipedia.org/wiki/Roberto_Bonomi,Argentina
500,munaron,\N,\N,Gino,Munaron,02/04/1928,Italian,http://en.wikipedia.org/wiki/Gino_Munaron,Italy
501,schell,\N,\N,Harry,Schell,29/06/1921,American,http://en.wikipedia.org/wiki/Harry_Schell,United States
502,stacey,\N,\N,Alan,Stacey,29/08/1933,British,http://en.wikipedia.org/wiki/Alan_Stacey,United Kingdom
503,chimeri,\N,\N,Ettore,Chimeri,04/06/1921,Venezuelan,http://en.wikipedia.org/wiki/Ettore_Chimeri,Venezuela
504,creus,\N,\N,Antonio,Creus,28/10/1924,Spanish,http://en.wikipedia.org/wiki/Antonio_Creus,Spain
505,bristow,\N,\N,Chris,Bristow,02/12/1937,British,http://en.wikipedia.org/wiki/Chris_Bristow,United Kingdom
506,halford,\N,\N,Bruce,Halford,18/05/1931,British,http://en.wikipedia.org/wiki/Bruce_Halford,United Kingdom
507,daigh,\N,\N,Chuck,Daigh,29/11/1923,American,http://en.wikipedia.org/wiki/Chuck_Daigh,United States
508,reventlow,\N,\N,Lance,Reventlow,24/02/1936,American,http://en.wikipedia.org/wiki/Lance_Reventlow,United States
509,rathmann,\N,\N,Jim,Rathmann,16/07/1928,American,http://en.wikipedia.org/wiki/Jim_Rathmann,United States
510,goldsmith,\N,\N,Paul,Goldsmith,02/10/1925,American,http://en.wikipedia.org/wiki/Paul_Goldsmith,United States
511,branson,\N,\N,Don,Branson,02/06/1920,American,http://en.wikipedia.org/wiki/Don_Branson,United States
512,thomson,\N,\N,Johnny,Thomson,09/04/1922,American,http://en.wikipedia.org/wiki/Johnny_Thomson,United States
513,johnson,\N,\N,Eddie,Johnson,10/02/1919,American,http://en.wikipedia.org/wiki/Eddie_Johnson_(auto_racer),United States
514,veith,\N,\N,Bob,Veith,01/11/1926,American,http://en.wikipedia.org/wiki/Bob_Veith,United States
515,tingelstad,\N,\N,Bud,Tingelstad,04/04/1928,American,http://en.wikipedia.org/wiki/Bud_Tingelstad,United States
516,christie,\N,\N,Bob,Christie,04/04/1924,American,http://en.wikipedia.org/wiki/Bob_Christie_(racing_driver),United States
517,amick,\N,\N,Red,Amick,19/01/1929,American,http://en.wikipedia.org/wiki/Red_Amick,United States
518,darter,\N,\N,Duane,Carter,05/05/1913,American,http://en.wikipedia.org/wiki/Duane_Carter,United States
519,homeier,\N,\N,Bill,Homeier,31/08/1918,American,http://en.wikipedia.org/wiki/Bill_Homeier,United States
520,hartley,\N,\N,Gene,Hartley,28/01/1926,American,http://en.wikipedia.org/wiki/Gene_Hartley,United States
521,stevenson,\N,\N,Chuck,Stevenson,15/10/1919,American,http://en.wikipedia.org/wiki/Chuck_Stevenson,United States
522,grim,\N,\N,Bobby,Grim,04/09/1924,American,http://en.wikipedia.org/wiki/Bobby_Grim,United States
523,templeman,\N,\N,Shorty,Templeman,12/08/1919,American,http://en.wikipedia.org/wiki/Shorty_Templeman,United States
524,hurtubise,\N,\N,Jim,Hurtubise,05/12/1932,American,http://en.wikipedia.org/wiki/Jim_Hurtubise,United States
525,bryan,\N,\N,Jimmy,Bryan,28/01/1926,American,http://en.wikipedia.org/wiki/Jimmy_Bryan,United States
526,ruttman,\N,\N,Troy,Ruttman,11/03/1930,American,http://en.wikipedia.org/wiki/Troy_Ruttman,United States
527,sachs,\N,\N,Eddie,Sachs,28/05/1927,American,http://en.wikipedia.org/wiki/Eddie_Sachs,United States
528,freeland,\N,\N,Don,Freeland,25/03/1925,American,http://en.wikipedia.org/wiki/Don_Freeland,United States
529,bettenhausen,\N,\N,Tony,Bettenhausen,12/09/1916,American,http://en.wikipedia.org/wiki/Tony_Bettenhausen,United States
530,weiler,\N,\N,Wayne,Weiler,09/12/1934,American,http://en.wikipedia.org/wiki/Wayne_Weiler,United States
531,foyt,\N,\N,Anthony,Foyt,16/01/1935,American,http://en.wikipedia.org/wiki/A.J._Foyt,United States
532,russo,\N,\N,Eddie,Russo,19/11/1925,American,http://en.wikipedia.org/wiki/Eddie_Russo,United States
533,boyd,\N,\N,Johnny,Boyd,19/08/1926,American,http://en.wikipedia.org/wiki/Johnny_Boyd,United States
534,force,\N,\N,Gene,Force,15/06/1916,American,http://en.wikipedia.org/wiki/Gene_Force,United States
535,mcwithey,\N,\N,Jim,McWithey,04/07/1927,American,http://en.wikipedia.org/wiki/Jim_McWithey,United States
536,sutton,\N,\N,Len,Sutton,09/08/1925,American,http://en.wikipedia.org/wiki/Len_Sutton,United States
537,dick_rathmann,\N,\N,Dick,Rathmann,06/01/1924,American,http://en.wikipedia.org/wiki/Dick_Rathmann,United States
538,herman,\N,\N,Al,Herman,15/03/1927,American,http://en.wikipedia.org/wiki/Al_Herman,United States
539,dempsey_wilson,\N,\N,Dempsey,Wilson,11/03/1927,American,http://en.wikipedia.org/wiki/Dempsey_Wilson,United States
540,mike_taylor,\N,\N,Mike,Taylor,24/04/1934,British,http://en.wikipedia.org/wiki/Mike_Taylor_(driver),United Kingdom
541,flockhart,\N,\N,Ron,Flockhart,16/06/1923,British,http://en.wikipedia.org/wiki/Ron_Flockhart_(auto_racing),United Kingdom
542,piper,\N,\N,David,Piper,02/12/1930,British,http://en.wikipedia.org/wiki/David_Piper,United Kingdom
543,cabianca,\N,\N,Giulio,Cabianca,19/02/1923,Italian,http://en.wikipedia.org/wiki/Giulio_Cabianca,Italy
544,drogo,\N,\N,Piero,Drogo,08/08/1926,Italian,http://en.wikipedia.org/wiki/Piero_Drogo,Italy
545,gamble,\N,\N,Fred,Gamble,17/03/1932,American,http://en.wikipedia.org/wiki/Fred_Gamble_(racing_driver),United States
546,owen,\N,\N,Arthur,Owen,23/03/1915,British,http://en.wikipedia.org/wiki/Arthur_Owen,United Kingdom
547,gould,\N,\N,Horace,Gould,20/09/1918,British,http://en.wikipedia.org/wiki/Horace_Gould,United Kingdom
548,drake,\N,\N,Bob,Drake,14/12/1919,American,http://en.wikipedia.org/wiki/Bob_Drake_(Formula_One),United States
549,bueb,\N,\N,Ivor,Bueb,06/06/1923,British,http://en.wikipedia.org/wiki/Ivor_Bueb,United Kingdom
550,Changy,\N,\N,Alain,de Changy,05/02/1922,Belgian,http://en.wikipedia.org/wiki/Alain_de_Changy,Belgium
551,filippis,\N,\N,Maria,de Filippis,11/11/1926,Italian,http://en.wikipedia.org/wiki/Maria_Teresa_de_Filippis,Italy
552,lucienbonnet,\N,\N,Jean,Lucienbonnet,07/01/1923,French,http://en.wikipedia.org/wiki/Jean_Lucienbonnet,France
553,testut,\N,\N,André,Testut,13/04/1926,Monegasque,http://en.wikipedia.org/wiki/Andr%C3%A9_Testut,Monaco
554,behra,\N,\N,Jean,Behra,16/02/1921,French,http://en.wikipedia.org/wiki/Jean_Behra,France
555,paul_russo,\N,\N,Paul,Russo,10/04/1914,American,http://en.wikipedia.org/wiki/Paul_Russo,United States
556,daywalt,\N,\N,Jimmy,Daywalt,28/08/1924,American,http://en.wikipedia.org/wiki/Jimmy_Daywalt,United States
557,arnold,\N,\N,Chuck,Arnold,30/05/1926,American,http://en.wikipedia.org/wiki/Chuck_Arnold,United States
558,keller,\N,\N,Al,Keller,11/04/1920,American,http://en.wikipedia.org/wiki/Al_Keller,United States
559,flaherty,\N,\N,Pat,Flaherty,06/01/1926,American,http://en.wikipedia.org/wiki/Pat_Flaherty_(racing_driver),United States
560,cheesbourg,\N,\N,Bill,Cheesbourg,12/06/1927,American,http://en.wikipedia.org/wiki/Bill_Cheesbourg,United States
561,ray_crawford,\N,\N,Ray,Crawford,26/10/1915,American,http://en.wikipedia.org/wiki/Ray_Crawford,United States
562,turner,\N,\N,Jack,Turner,12/02/1920,American,http://en.wikipedia.org/wiki/Jack_Turner_(driver),United States
563,weyant,\N,\N,Chuck,Weyant,03/04/1923,American,http://en.wikipedia.org/wiki/Chuck_Weyant,United States
564,larson,\N,\N,Jud,Larson,21/01/1923,American,http://en.wikipedia.org/wiki/Jud_Larson,United States
565,magill,\N,\N,Mike,Magill,08/02/1920,American,http://en.wikipedia.org/wiki/Mike_Magill,United States
566,shelby,\N,\N,Carroll,Shelby,11/01/1923,American,http://en.wikipedia.org/wiki/Carroll_Shelby,United States
567,orey,\N,\N,Fritz,d'Orey,25/03/1938,Brazilian,http://en.wikipedia.org/wiki/Fritz_d%27Orey,Brazil
568,fontes,\N,\N,Azdrubal,Fontes,26/12/1922,Uruguayan,http://en.wikipedia.org/wiki/Azdrubal_Fontes,Uruguay
569,ashdown,\N,\N,Peter,Ashdown,16/10/1934,British,http://en.wikipedia.org/wiki/Peter_Ashdown,United Kingdom
570,bill_moss,\N,\N,Bill,Moss,04/09/1933,British,http://en.wikipedia.org/wiki/Bill_Moss_(racing_driver),United Kingdom
571,dennis_taylor,\N,\N,Dennis,Taylor,12/06/1921,British,http://en.wikipedia.org/wiki/Dennis_Taylor_(racing_driver),United Kingdom
572,blanchard,\N,\N,Harry,Blanchard,13/06/1929,American,http://en.wikipedia.org/wiki/Harry_Blanchard,United States
573,tomaso,\N,\N,Alessandro,de Tomaso,10/07/1928,Argentine-Italian,http://en.wikipedia.org/wiki/Alessandro_de_Tomaso,Argentina
574,constantine,\N,\N,George,Constantine,22/02/1918,American,http://en.wikipedia.org/wiki/George_Constantine,United States
575,said,\N,\N,Bob,Said,05/05/1932,American,http://en.wikipedia.org/wiki/Bob_Said,United States
576,cade,\N,\N,Phil,Cade,12/06/1916,American,http://en.wikipedia.org/wiki/Phil_Cade,United States
577,musso,\N,\N,Luigi,Musso,28/07/1924,Italian,http://en.wikipedia.org/wiki/Luigi_Musso,Italy
578,hawthorn,\N,\N,Mike,Hawthorn,10/04/1929,British,http://en.wikipedia.org/wiki/Mike_Hawthorn,United Kingdom
579,fangio,\N,\N,Juan,Fangio,24/06/1911,Argentine,http://en.wikipedia.org/wiki/Juan_Manuel_Fangio,Argentina
580,godia,\N,\N,Paco,Godia,21/03/1921,Spanish,http://en.wikipedia.org/wiki/Paco_Godia,Spain
581,collins,\N,\N,Peter,Collins,06/11/1931,British,http://en.wikipedia.org/wiki/Peter_Collins_(racing_driver),United Kingdom
582,kavanagh,\N,\N,Ken,Kavanagh,12/12/1923,Australian,http://en.wikipedia.org/wiki/Ken_Kavanagh,Australia
583,gerini,\N,\N,Gerino,Gerini,10/08/1928,Italian,http://en.wikipedia.org/wiki/Gerino_Gerini_(racing_driver),Italy
584,kessler,\N,\N,Bruce,Kessler,23/03/1936,American,http://en.wikipedia.org/wiki/Bruce_Kessler,United States
585,emery,\N,\N,Paul,Emery,12/11/1916,British,http://en.wikipedia.org/wiki/Paul_Emery,United Kingdom
586,piotti,\N,\N,Luigi,Piotti,27/10/1913,Italian,http://en.wikipedia.org/wiki/Luigi_Piotti,Italy
587,ecclestone,\N,\N,Bernie,Ecclestone,28/10/1930,British,http://en.wikipedia.org/wiki/Bernie_Ecclestone,United Kingdom
588,taramazzo,\N,\N,Luigi,Taramazzo,05/05/1932,Italian,http://en.wikipedia.org/wiki/Luigi_Taramazzo,Italy
589,chiron,\N,\N,Louis,Chiron,1899-08-03,Monegasque,http://en.wikipedia.org/wiki/Louis_Chiron,Monaco
590,lewis-evans,\N,\N,Stuart,Lewis-Evans,20/04/1930,British,http://en.wikipedia.org/wiki/Stuart_Lewis-Evans,United Kingdom
591,george_amick,\N,\N,George,Amick,24/10/1924,American,http://en.wikipedia.org/wiki/George_Amick,United States
592,reece,\N,\N,Jimmy,Reece,17/11/1929,American,http://en.wikipedia.org/wiki/Jimmy_Reece,United States
593,parsons,\N,\N,Johnnie,Parsons,04/07/1918,American,http://en.wikipedia.org/wiki/Johnnie_Parsons,United States
594,tolan,\N,\N,Johnnie,Tolan,22/10/1917,American,http://en.wikipedia.org/wiki/Johnnie_Tolan,United States
595,garrett,\N,\N,Billy,Garrett,24/04/1933,American,http://en.wikipedia.org/wiki/Billy_Garrett,United States
596,elisian,\N,\N,Ed,Elisian,09/12/1926,American,http://en.wikipedia.org/wiki/Ed_Elisian,United States
597,connor,\N,\N,Pat,O'Connor,09/10/1928,American,http://en.wikipedia.org/wiki/Pat_O%27Connor_(auto_racer),United States
598,jerry_unser,\N,\N,Jerry,Unser,15/11/1932,American,http://en.wikipedia.org/wiki/Jerry_Unser,United States
599,bisch,\N,\N,Art,Bisch,10/11/1926,American,http://en.wikipedia.org/wiki/Art_Bisch,United States
600,goethals,\N,\N,Christian,Goethals,04/08/1928,Belgian,http://en.wikipedia.org/wiki/Christian_Goethals,Belgium
601,gibson,\N,\N,Dick,Gibson,16/04/1918,British,http://en.wikipedia.org/wiki/Dick_Gibson,United Kingdom
602,la_caze,\N,\N,Robert,La Caze,26/02/1917,French,http://en.wikipedia.org/wiki/Robert_La_Caze,France
603,guelfi,\N,\N,André,Guelfi,06/05/1919,French,http://en.wikipedia.org/wiki/Andr%C3%A9_Guelfi,France
604,picard,\N,\N,François,Picard,26/04/1921,French,http://en.wikipedia.org/wiki/Fran%C3%A7ois_Picard,France
605,bridger,\N,\N,Tom,Bridger,24/06/1934,British,http://en.wikipedia.org/wiki/Tom_Bridger,United Kingdom
606,portago,\N,\N,Alfonso,de Portago,11/10/1928,Spanish,http://en.wikipedia.org/wiki/Alfonso_de_Portago,Spain
607,perdisa,\N,\N,Cesare,Perdisa,21/10/1932,Italian,http://en.wikipedia.org/wiki/Cesare_Perdisa,Italy
608,castellotti,\N,\N,Eugenio,Castellotti,10/10/1930,Italian,http://en.wikipedia.org/wiki/Eugenio_Castellotti,Italy
609,simon,\N,\N,André,Simon,05/01/1920,French,http://en.wikipedia.org/wiki/Andr%C3%A9_Simon_(racing_driver),France
610,leston,\N,\N,Les,Leston,16/12/1920,British,http://en.wikipedia.org/wiki/Les_Leston,United Kingdom
611,hanks,\N,\N,Sam,Hanks,13/07/1914,American,http://en.wikipedia.org/wiki/Sam_Hanks,United States
612,linden,\N,\N,Andy,Linden,05/04/1922,American,http://en.wikipedia.org/wiki/Andy_Linden_(racing_driver),United States
613,teague,\N,\N,Marshall,Teague,22/02/1921,American,http://en.wikipedia.org/wiki/Marshall_Teague,United States
614,edmunds,\N,\N,Don,Edmunds,23/09/1930,American,http://en.wikipedia.org/wiki/Don_Edmunds,United States
615,agabashian,\N,\N,Fred,Agabashian,21/08/1913,American,http://en.wikipedia.org/wiki/Fred_Agabashian,United States
616,george,\N,\N,Elmer,George,15/07/1928,American,http://en.wikipedia.org/wiki/Elmer_George,United States
617,macdowel,\N,\N,Mike,MacDowel,13/09/1932,British,http://en.wikipedia.org/wiki/Mike_MacDowel,United Kingdom
618,mackay-fraser,\N,\N,Herbert,MacKay-Fraser,23/06/1927,American,http://en.wikipedia.org/wiki/Herbert_MacKay-Fraser,United States
619,gerard,\N,\N,Bob,Gerard,19/01/1914,British,http://en.wikipedia.org/wiki/Bob_Gerard,United Kingdom
620,maglioli,\N,\N,Umberto,Maglioli,05/06/1928,Italian,http://en.wikipedia.org/wiki/Umberto_Maglioli,Italy
621,england,\N,\N,Paul,England,28/03/1929,Australian,http://en.wikipedia.org/wiki/Paul_England,Australia
622,landi,\N,\N,Chico,Landi,14/07/1907,Brazilian,http://en.wikipedia.org/wiki/Chico_Landi,Brazil
623,uria,\N,\N,Alberto,Uria,11/07/1924,Uruguayan,http://en.wikipedia.org/wiki/Alberto_Uria,Uruguay
624,ramos,\N,\N,Hernando,da Silva Ramos,07/12/1925,Brazilian,http://en.wikipedia.org/wiki/Hernando_da_Silva_Ramos,Brazil
625,bayol,\N,\N,Élie,Bayol,28/02/1914,French,http://en.wikipedia.org/wiki/%C3%89lie_Bayol,France
626,manzon,\N,\N,Robert,Manzon,12/04/1917,French,http://en.wikipedia.org/wiki/Robert_Manzon,France
627,rosier,\N,\N,Louis,Rosier,05/11/1905,French,http://en.wikipedia.org/wiki/Louis_Rosier,France
628,sweikert,\N,\N,Bob,Sweikert,20/05/1926,American,http://en.wikipedia.org/wiki/Bob_Sweikert,United States
629,griffith,\N,\N,Cliff,Griffith,06/02/1916,American,http://en.wikipedia.org/wiki/Cliff_Griffith,United States
630,dinsmore,\N,\N,Duke,Dinsmore,10/04/1913,American,http://en.wikipedia.org/wiki/Duke_Dinsmore,United States
631,andrews,\N,\N,Keith,Andrews,15/06/1920,American,http://en.wikipedia.org/wiki/Keith_Andrews_(driver),United States
632,frere,\N,\N,Paul,Frère,30/01/1917,Belgian,http://en.wikipedia.org/wiki/Paul_Fr%C3%A8re,Belgium
633,villoresi,\N,\N,Luigi,Villoresi,16/05/1909,Italian,http://en.wikipedia.org/wiki/Luigi_Villoresi,Italy
634,scotti,\N,\N,Piero,Scotti,11/11/1909,Italian,http://en.wikipedia.org/wiki/Piero_Scotti,Italy
635,chapman,\N,\N,Colin,Chapman,19/05/1928,British,http://en.wikipedia.org/wiki/Colin_Chapman,United Kingdom
636,titterington,\N,\N,Desmond,Titterington,01/05/1928,British,http://en.wikipedia.org/wiki/Desmond_Titterington,United Kingdom
637,scott_Brown,\N,\N,Archie,Scott Brown,13/05/1927,British,http://en.wikipedia.org/wiki/Archie_Scott_Brown,United Kingdom
638,volonterio,\N,\N,Ottorino,Volonterio,07/12/1917,Swiss,http://en.wikipedia.org/wiki/Ottorino_Volonterio,Switzerland
639,milhoux,\N,\N,André,Milhoux,09/12/1928,Belgian,http://en.wikipedia.org/wiki/Andr%C3%A9_Milhoux,Belgium
640,graffenried,\N,\N,Toulo,de Graffenried,18/05/1914,Swiss,http://en.wikipedia.org/wiki/Toulo_de_Graffenried,Switzerland
641,taruffi,\N,\N,Piero,Taruffi,12/10/1906,Italian,http://en.wikipedia.org/wiki/Piero_Taruffi,Italy
642,farina,\N,\N,Nino,Farina,30/10/1906,Italian,http://en.wikipedia.org/wiki/Nino_Farina,Italy
643,mieres,\N,\N,Roberto,Mieres,03/12/1924,Argentine,http://en.wikipedia.org/wiki/Roberto_Mieres,Argentina
644,mantovani,\N,\N,Sergio,Mantovani,22/05/1929,Italian,http://en.wikipedia.org/wiki/Sergio_Mantovani,Italy
645,bucci,\N,\N,Clemar,Bucci,04/09/1920,Argentine,http://en.wikipedia.org/wiki/Clemar_Bucci,Argentina
646,iglesias,\N,\N,Jesús,Iglesias,22/02/1922,Argentine,http://en.wikipedia.org/wiki/Jes%C3%BAs_Iglesias,Argentina
647,ascari,\N,\N,Alberto,Ascari,13/07/1918,Italian,http://en.wikipedia.org/wiki/Alberto_Ascari,Italy
648,kling,\N,\N,Karl,Kling,16/09/1910,German,http://en.wikipedia.org/wiki/Karl_Kling,Germany
649,birger,\N,\N,Pablo,Birger,07/01/1924,Argentine,http://en.wikipedia.org/wiki/Pablo_Birger,Argentina
650,pollet,\N,\N,Jacques,Pollet,02/07/1922,French,http://en.wikipedia.org/wiki/Jacques_Pollet,France
651,macklin,\N,\N,Lance,Macklin,02/09/1919,British,http://en.wikipedia.org/wiki/Lance_Macklin,United Kingdom
652,whiteaway,\N,\N,Ted,Whiteaway,01/11/1928,British,http://en.wikipedia.org/wiki/Ted_Whiteaway,United Kingdom
653,davies,\N,\N,Jimmy,Davies,08/08/1929,American,http://en.wikipedia.org/wiki/Jimmy_Davies,United States
654,faulkner,\N,\N,Walt,Faulkner,16/02/1920,American,http://en.wikipedia.org/wiki/Walt_Faulkner,United States
655,niday,\N,\N,Cal,Niday,29/04/1914,American,http://en.wikipedia.org/wiki/Cal_Niday,United States
656,cross,\N,\N,Art,Cross,24/01/1918,American,http://en.wikipedia.org/wiki/Art_Cross,United States
657,vukovich,\N,\N,Bill,Vukovich,13/12/1918,American,http://en.wikipedia.org/wiki/Bill_Vukovich,United States
658,mcgrath,\N,\N,Jack,McGrath,08/10/1919,American,http://en.wikipedia.org/wiki/Jack_McGrath_(racing_driver),United States
659,hoyt,\N,\N,Jerry,Hoyt,29/01/1929,American,http://en.wikipedia.org/wiki/Jerry_Hoyt,United States
660,claes,\N,\N,Johnny,Claes,11/08/1916,Belgian,http://en.wikipedia.org/wiki/Johnny_Claes,Belgium
661,peter_walker,\N,\N,Peter,Walker,07/10/1912,British,http://en.wikipedia.org/wiki/Peter_Walker_(driver),United Kingdom
662,sparken,\N,\N,Mike,Sparken,16/06/1930,French,http://en.wikipedia.org/wiki/Mike_Sparken,France
663,wharton,\N,\N,Ken,Wharton,21/03/1916,British,http://en.wikipedia.org/wiki/Ken_Wharton,United Kingdom
664,mcalpine,\N,\N,Kenneth,McAlpine,21/09/1920,British,http://en.wikipedia.org/wiki/Kenneth_McAlpine,United Kingdom
665,marr,\N,\N,Leslie,Marr,14/08/1922,British,http://en.wikipedia.org/wiki/Leslie_Marr,United Kingdom
666,rolt,\N,\N,Tony,Rolt,16/10/1918,British,http://en.wikipedia.org/wiki/Tony_Rolt,United Kingdom
667,fitch,\N,\N,John,Fitch,04/08/1917,American,http://en.wikipedia.org/wiki/John_Fitch_(driver),United States
668,lucas,\N,\N,Jean,Lucas,25/04/1917,French,http://en.wikipedia.org/wiki/Jean_Lucas,France
669,bira,\N,\N,Prince,Bira,15/07/1914,Thai,http://en.wikipedia.org/wiki/Prince_Bira,Thailand
670,marimon,\N,\N,Onofre,Marimón,19/12/1923,Argentine,http://en.wikipedia.org/wiki/Onofre_Marim%C3%B3n,Argentina
671,loyer,\N,\N,Roger,Loyer,05/08/1907,French,http://en.wikipedia.org/wiki/Roger_Loyer,France
672,daponte,\N,\N,Jorge,Daponte,05/06/1923,Argentine,http://en.wikipedia.org/wiki/Jorge_Daponte,Argentina
673,nazaruk,\N,\N,Mike,Nazaruk,02/10/1921,American,http://en.wikipedia.org/wiki/Mike_Nazaruk,United States
674,crockett,\N,\N,Larry,Crockett,23/10/1926,American,http://en.wikipedia.org/wiki/Larry_Crockett,United States
675,ayulo,\N,\N,Manny,Ayulo,20/10/1921,American,http://en.wikipedia.org/wiki/Manny_Ayulo,United States
676,armi,\N,\N,Frank,Armi,12/10/1918,American,http://en.wikipedia.org/wiki/Frank_Armi,United States
677,webb,\N,\N,Travis,Webb,08/10/1910,American,http://en.wikipedia.org/wiki/Travis_Webb,United States
678,duncan,\N,\N,Len,Duncan,25/07/1911,American,http://en.wikipedia.org/wiki/Len_Duncan,United States
679,mccoy,\N,\N,Ernie,McCoy,19/02/1921,American,http://en.wikipedia.org/wiki/Ernie_McCoy,United States
680,swaters,\N,\N,Jacques,Swaters,30/10/1926,American,http://en.wikipedia.org/wiki/Jacques_Swaters,United States
681,georges_berger,\N,\N,Georges,Berger,14/09/1918,Belgian,http://en.wikipedia.org/wiki/Georges_Berger,Belgium
682,beauman,\N,\N,Don,Beauman,26/07/1928,British,http://en.wikipedia.org/wiki/Don_Beauman,United Kingdom
683,thorne,\N,\N,Leslie,Thorne,23/06/1916,British,http://en.wikipedia.org/wiki/Leslie_Thorne,United Kingdom
684,whitehouse,\N,\N,Bill,Whitehouse,01/04/1909,British,http://en.wikipedia.org/wiki/Bill_Whitehouse,United Kingdom
685,riseley_prichard,\N,\N,John,Riseley-Prichard,17/01/1924,British,http://en.wikipedia.org/wiki/John_Riseley-Prichard,United Kingdom
686,reg_parnell,\N,\N,Reg,Parnell,02/07/1911,British,http://en.wikipedia.org/wiki/Reg_Parnell,United Kingdom
687,whitehead,\N,\N,Peter,Whitehead,12/11/1914,British,http://en.wikipedia.org/wiki/Peter_Whitehead_(racing_driver),United Kingdom
688,brandon,\N,\N,Eric,Brandon,18/07/1920,British,http://en.wikipedia.org/wiki/Eric_Brandon,United Kingdom
689,alan_brown,\N,\N,Alan,Brown,20/11/1919,British,http://en.wikipedia.org/wiki/Alan_Brown_(racing_driver),United Kingdom
690,nuckey,\N,\N,Rodney,Nuckey,26/06/1929,British,http://en.wikipedia.org/wiki/Rodney_Nuckey,United Kingdom
691,lang,\N,\N,Hermann,Lang,06/04/1909,German,http://en.wikipedia.org/wiki/Hermann_Lang,Germany
692,helfrich,\N,\N,Theo,Helfrich,13/05/1913,German,http://en.wikipedia.org/wiki/Theo_Helfrich,Germany
693,wacker,\N,\N,Fred,Wacker,10/07/1918,American,http://en.wikipedia.org/wiki/Fred_Wacker,United States
694,riu,\N,\N,Giovanni,de Riu,10/03/1925,Italian,http://en.wikipedia.org/wiki/Giovanni_de_Riu,Italy
695,galvez,\N,\N,Oscar,Gálvez,17/08/1913,Argentine,http://en.wikipedia.org/wiki/%C3%93scar_Alfredo_G%C3%A1lvez,Argentina
696,john_barber,\N,\N,John,Barber,22/07/1929,British,http://en.wikipedia.org/wiki/John_Barber_(racing_driver),United Kingdom
697,bonetto,\N,\N,Felice,Bonetto,09/06/1903,Italian,http://en.wikipedia.org/wiki/Felice_Bonetto,Italy
698,cruz,\N,\N,Adolfo,Cruz,28/06/1923,Argentine,http://en.wikipedia.org/wiki/Adolfo_Schewelm_Cruz,Argentina
699,nalon,\N,\N,Duke,Nalon,02/03/1913,American,http://en.wikipedia.org/wiki/Duke_Nalon,United States
700,scarborough,\N,\N,Carl,Scarborough,03/07/1914,American,http://en.wikipedia.org/wiki/Carl_Scarborough,United States
701,holland,\N,\N,Bill,Holland,18/12/1907,American,http://en.wikipedia.org/wiki/Bill_Holland,United States
702,bob_scott,\N,\N,Bob,Scott,04/10/1928,American,http://en.wikipedia.org/wiki/Bob_Scott_(auto_racer),United States
703,legat,\N,\N,Arthur,Legat,1898-11-01,Belgian,http://en.wikipedia.org/wiki/Arthur_Legat,Belgium
704,cabantous,\N,\N,Yves,Cabantous,08/10/1904,French,http://en.wikipedia.org/wiki/Yves_Giraud_Cabantous,France
705,crook,\N,\N,Tony,Crook,16/02/1920,British,http://en.wikipedia.org/wiki/Tony_Crook,United Kingdom
706,jimmy_stewart,\N,\N,Jimmy,Stewart,06/03/1931,British,http://en.wikipedia.org/wiki/Jimmy_Stewart_(racing_driver),United Kingdom
707,ian_stewart,\N,\N,Ian,Stewart,15/07/1929,British,http://en.wikipedia.org/wiki/Ian_Stewart_(racing_driver),United Kingdom
708,duncan_hamilton,\N,\N,Duncan,Hamilton,30/04/1920,British,http://en.wikipedia.org/wiki/Duncan_Hamilton_(racing_driver),United Kingdom
709,klodwig,\N,\N,Ernst,Klodwig,23/05/1903,East German,http://en.wikipedia.org/wiki/Ernst_Klodwig,Germany
710,krause,\N,\N,Rudolf,Krause,30/03/1907,East German,http://en.wikipedia.org/wiki/Rudolf_Krause,Germany
711,karch,\N,\N,Oswald,Karch,06/03/1917,German,http://en.wikipedia.org/wiki/Oswald_Karch,Germany
712,heeks,\N,\N,Willi,Heeks,13/02/1922,German,http://en.wikipedia.org/wiki/Willi_Heeks,Germany
713,fitzau,\N,\N,Theo,Fitzau,10/02/1923,East German,http://en.wikipedia.org/wiki/Theo_Fitzau,Germany
714,adolff,\N,\N,Kurt,Adolff,05/11/1921,German,http://en.wikipedia.org/wiki/Kurt_Adolff,Germany
715,bechem,\N,\N,Günther,Bechem,21/12/1921,German,http://en.wikipedia.org/wiki/G%C3%BCnther_Bechem,Germany
716,bauer,\N,\N,Erwin,Bauer,17/07/1912,German,http://en.wikipedia.org/wiki/Erwin_Bauer,Germany
717,hans_stuck,\N,\N,Hans,von Stuck,27/12/1900,German,http://en.wikipedia.org/wiki/Hans_Von_Stuck,Germany
718,loof,\N,\N,Ernst,Loof,04/07/1907,German,http://en.wikipedia.org/wiki/Ernst_Loof,Germany
719,scherrer,\N,\N,Albert,Scherrer,28/02/1908,Swiss,http://en.wikipedia.org/wiki/Albert_Scherrer,Switzerland
720,terra,\N,\N,Max,de Terra,06/10/1918,Swiss,http://en.wikipedia.org/wiki/Max_de_Terra,Switzerland
721,hirt,\N,\N,Peter,Hirt,30/03/1910,Swiss,http://en.wikipedia.org/wiki/Peter_Hirt,Switzerland
722,carini,\N,\N,Piero,Carini,06/03/1921,Italian,http://en.wikipedia.org/wiki/Piero_Carini,Italy
723,fischer,\N,\N,Rudi,Fischer,19/04/1912,Swiss,http://en.wikipedia.org/wiki/Rudi_Fischer,Switzerland
724,ulmen,\N,\N,Toni,Ulmen,25/01/1906,German,http://en.wikipedia.org/wiki/Toni_Ulmen,Germany
725,abecassis,\N,\N,George,Abecassis,21/03/1913,British,http://en.wikipedia.org/wiki/George_Abecassis,United Kingdom
726,george_connor,\N,\N,George,Connor,16/08/1906,American,http://en.wikipedia.org/wiki/George_Connor_(driver),United States
727,rigsby,\N,\N,Jim,Rigsby,06/06/1923,American,http://en.wikipedia.org/wiki/Jim_Rigsby,United States
728,james,\N,\N,Joe,James,23/05/1925,American,http://en.wikipedia.org/wiki/Joe_James_(racing_driver),United States
729,schindler,\N,\N,Bill,Schindler,06/03/1909,American,http://en.wikipedia.org/wiki/Bill_Schindler,United States
730,fonder,\N,\N,George,Fonder,22/06/1917,American,http://en.wikipedia.org/wiki/George_Fonder,United States
731,banks,\N,\N,Henry,Banks,14/06/1913,American,http://en.wikipedia.org/wiki/Henry_Banks,United States
732,mcdowell,\N,\N,Johnny,McDowell,29/01/1915,American,http://en.wikipedia.org/wiki/Johnny_McDowell,United States
733,miller,\N,\N,Chet,Miller,19/07/1902,American,http://en.wikipedia.org/wiki/Chet_Miller,United States
734,ball,\N,\N,Bobby,Ball,26/08/1925,American,http://en.wikipedia.org/wiki/Bobby_Ball_(auto_racer),United States
735,tornaco,\N,\N,Charles,de Tornaco,07/06/1927,Belgian,http://en.wikipedia.org/wiki/Charles_de_Tornaco,Belgium
736,laurent,\N,\N,Roger,Laurent,21/02/1913,Belgian,http://en.wikipedia.org/wiki/Roger_Laurent,Belgium
737,obrien,\N,\N,Robert,O'Brien,11/04/1908,American,http://en.wikipedia.org/wiki/Robert_O%27Brien_(auto_racer),United States
738,gaze,\N,\N,Tony,Gaze,03/02/1920,Australian,http://en.wikipedia.org/wiki/Tony_Gaze,Australia
739,charrington,\N,\N,Robin,Montgomerie-Charrington,23/06/1915,British,http://en.wikipedia.org/wiki/Robin_Montgomerie-Charrington,United Kingdom
740,comotti,\N,\N,Franco,Comotti,24/07/1906,Italian,http://en.wikipedia.org/wiki/Franco_Comotti,Italy
741,etancelin,\N,\N,Philippe,Étancelin,1896-12-28,French,http://en.wikipedia.org/wiki/Philippe_%C3%89tancelin,France
742,poore,\N,\N,Dennis,Poore,19/08/1916,British,http://en.wikipedia.org/wiki/Dennis_Poore,United Kingdom
743,thompson,\N,\N,Eric,Thompson,04/11/1919,British,http://en.wikipedia.org/wiki/Eric_Thompson_(racing_driver),United Kingdom
744,downing,\N,\N,Ken,Downing,05/12/1917,British,http://en.wikipedia.org/wiki/Ken_Downing,United Kingdom
745,graham_whitehead,\N,\N,Graham,Whitehead,15/04/1922,British,http://en.wikipedia.org/wiki/Graham_Whitehead,United Kingdom
746,bianco,\N,\N,Gino,Bianco,22/07/1916,Brazilian,http://en.wikipedia.org/wiki/Gino_Bianco,Brazil
747,murray,\N,\N,David,Murray,28/12/1909,British,http://en.wikipedia.org/wiki/David_Murray_(driver),United Kingdom
748,cantoni,\N,\N,Eitel,Cantoni,04/10/1906,Uruguayan,http://en.wikipedia.org/wiki/Eitel_Cantoni,Uruguay
749,aston,\N,\N,Bill,Aston,29/03/1900,British,http://en.wikipedia.org/wiki/Bill_Aston,United Kingdom
750,brudes,\N,\N,Adolf,Brudes,1899-10-15,German,http://en.wikipedia.org/wiki/Adolf_Brudes,Germany
751,riess,\N,\N,Fritz,Riess,11/07/1922,German,http://en.wikipedia.org/wiki/Fritz_Riess,Germany
752,niedermayr,\N,\N,Helmut,Niedermayr,29/11/1915,German,http://en.wikipedia.org/wiki/Helmut_Niedermayr,Germany
753,klenk,\N,\N,Hans,Klenk,28/10/1919,German,http://en.wikipedia.org/wiki/Hans_Klenk,Germany
754,balsa,\N,\N,Marcel,Balsa,01/01/1909,French,http://en.wikipedia.org/wiki/Marcel_Balsa,France
755,schoeller,\N,\N,Rudolf,Schoeller,27/04/1902,Swiss,http://en.wikipedia.org/wiki/Rudolf_Schoeller,Switzerland
756,pietsch,\N,\N,Paul,Pietsch,20/06/1911,German,http://en.wikipedia.org/wiki/Paul_Pietsch,Germany
757,peters,\N,\N,Josef,Peters,16/09/1914,German,http://en.wikipedia.org/wiki/Josef_Peters_(driver),Germany
758,lof,\N,\N,Dries,van der Lof,23/08/1919,Dutch,http://en.wikipedia.org/wiki/Dries_van_der_Lof,Netherlands
759,flinterman,\N,\N,Jan,Flinterman,02/10/1919,Dutch,http://en.wikipedia.org/wiki/Jan_Flinterman,Netherlands
760,dusio,\N,\N,Piero,Dusio,1899-10-13,Italian,http://en.wikipedia.org/wiki/Piero_Dusio,Italy
761,crespo,\N,\N,Alberto,Crespo,16/01/1920,Argentine,http://en.wikipedia.org/wiki/Alberto_Crespo,Argentina
762,rol,\N,\N,Franco,Rol,05/06/1908,Italian,http://en.wikipedia.org/wiki/Franco_Rol,Italy
763,sanesi,\N,\N,Consalvo,Sanesi,28/03/1911,Italian,http://en.wikipedia.org/wiki/Consalvo_Sanesi,Italy
764,guy_mairesse,\N,\N,Guy,Mairesse,10/08/1910,French,http://en.wikipedia.org/wiki/Guy_Mairesse,France
765,louveau,\N,\N,Henri,Louveau,25/01/1910,French,http://en.wikipedia.org/wiki/Henri_Louveau,France
766,wallard,\N,\N,Lee,Wallard,07/09/1910,American,http://en.wikipedia.org/wiki/Lee_Wallard,United States
767,forberg,\N,\N,Carl,Forberg,04/03/1911,American,http://en.wikipedia.org/wiki/Carl_Forberg,United States
768,rose,\N,\N,Mauri,Rose,26/05/1906,American,http://en.wikipedia.org/wiki/Mauri_Rose,United States
769,mackey,\N,\N,Bill,Mackey,15/12/1927,American,http://en.wikipedia.org/wiki/Bill_Mackey,United States
770,green,\N,\N,Cecil,Green,30/09/1919,American,http://en.wikipedia.org/wiki/Cecil_Green,United States
771,walt_brown,\N,\N,Walt,Brown,30/12/1911,American,http://en.wikipedia.org/wiki/Walt_Brown_(auto_racer),United States
772,hellings,\N,\N,Mack,Hellings,14/09/1915,American,http://en.wikipedia.org/wiki/Mack_Hellings,United States
773,levegh,\N,\N,Pierre,Levegh,22/12/1905,French,http://en.wikipedia.org/wiki/Pierre_Levegh,France
774,chaboud,\N,\N,Eugène,Chaboud,12/04/1907,French,http://en.wikipedia.org/wiki/Eug%C3%A8ne_Chaboud,France
775,gordini,\N,\N,Aldo,Gordini,20/05/1921,French,http://en.wikipedia.org/wiki/Aldo_Gordini,France
776,kelly,\N,\N,Joe,Kelly,13/03/1913,Irish,http://en.wikipedia.org/wiki/Joe_Kelly_(Formula_One),Ireland
777,parker,\N,\N,Philip,Fotheringham-Parker,22/09/1907,British,http://en.wikipedia.org/wiki/Philip_Fotheringham-Parker,United Kingdom
778,shawe_taylor,\N,\N,Brian,Shawe Taylor,28/01/1915,British,http://en.wikipedia.org/wiki/Brian_Shawe_Taylor,United Kingdom
779,john_james,\N,\N,John,James,10/05/1914,British,http://en.wikipedia.org/wiki/John_James_(auto_racer),United Kingdom
780,branca,\N,\N,Toni,Branca,15/09/1916,Swiss,http://en.wikipedia.org/wiki/Toni_Branca,Switzerland
781,richardson,\N,\N,Ken,Richardson,21/08/1911,British,http://en.wikipedia.org/wiki/Ken_Richardson_(race_car_driver),United Kingdom
782,jover,\N,\N,Juan,Jover,23/11/1903,Spanish,http://en.wikipedia.org/wiki/Juan_Jover,Spain
783,grignard,\N,\N,Georges,Grignard,25/07/1905,French,http://en.wikipedia.org/wiki/Georges_Grignard,France
784,hampshire,\N,\N,David,Hampshire,29/12/1917,British,http://en.wikipedia.org/wiki/David_Hampshire,United Kingdom
785,crossley,\N,\N,Geoff,Crossley,11/05/1921,British,http://en.wikipedia.org/wiki/Geoff_Crossley,United Kingdom
786,fagioli,\N,\N,Luigi,Fagioli,1898-06-09,Italian,http://en.wikipedia.org/wiki/Luigi_Fagioli,Italy
787,harrison,\N,\N,Cuth,Harrison,06/07/1906,British,http://en.wikipedia.org/wiki/Cuth_Harrison,United Kingdom
788,fry,\N,\N,Joe,Fry,26/10/1915,British,http://en.wikipedia.org/wiki/Joe_Fry,United Kingdom
789,martin,\N,\N,Eugène,Martin,24/03/1915,French,http://en.wikipedia.org/wiki/Eug%C3%A8ne_Martin,France
790,leslie_johnson,\N,\N,Leslie,Johnson,22/03/1912,British,http://en.wikipedia.org/wiki/Leslie_Johnson_(racing_driver),United Kingdom
791,biondetti,\N,\N,Clemente,Biondetti,1898-08-18,Italian,http://en.wikipedia.org/wiki/Clemente_Biondetti,Italy
792,pian,\N,\N,Alfredo,Pián,21/10/1912,Argentine,http://en.wikipedia.org/wiki/Alfredo_Pi%C3%A0n,Argentina
793,sommer,\N,\N,Raymond,Sommer,31/08/1906,French,http://en.wikipedia.org/wiki/Raymond_Sommer,France
794,chitwood,\N,\N,Joie,Chitwood,14/04/1912,American,http://en.wikipedia.org/wiki/Joie_Chitwood,United States
795,fohr,\N,\N,Myron,Fohr,17/06/1912,American,http://en.wikipedia.org/wiki/Myron_Fohr,United States
796,ader,\N,\N,Walt,Ader,15/12/1913,American,http://en.wikipedia.org/wiki/Walt_Ader,United States
797,holmes,\N,\N,Jackie,Holmes,04/09/1920,American,http://en.wikipedia.org/wiki/Jackie_Holmes,United States
798,levrett,\N,\N,Bayliss,Levrett,14/02/1914,American,http://en.wikipedia.org/wiki/Bayliss_Levrett,United States
799,jackson,\N,\N,Jimmy,Jackson,25/07/1910,American,http://en.wikipedia.org/wiki/Jimmy_Jackson_(driver),United States
800,pagani,\N,\N,Nello,Pagani,11/10/1911,Italian,http://en.wikipedia.org/wiki/Nello_Pagani,Italy
801,pozzi,\N,\N,Charles,Pozzi,27/08/1909,French,http://en.wikipedia.org/wiki/Charles_Pozzi,France
802,serafini,\N,\N,Dorino,Serafini,22/07/1909,Italian,http://en.wikipedia.org/wiki/Dorino_Serafini,Italy
803,cantrell,\N,\N,Bill,Cantrell,31/01/1908,American,http://en.wikipedia.org/wiki/William_Cantrell,United States
804,mantz,\N,\N,Johnny,Mantz,18/09/1918,American,http://en.wikipedia.org/wiki/Johnny_Mantz,United States
805,kladis,\N,\N,Danny,Kladis,10/02/1917,American,http://en.wikipedia.org/wiki/Danny_Kladis,United States
806,oscar_gonzalez,\N,\N,Óscar,González,10/11/1923,Uruguayan,http://en.wikipedia.org/wiki/Oscar_Gonz%C3%A1lez_(racing_driver),Uruguay
807,hulkenberg,27,HUL,Nico,Hülkenberg,19/08/1987,German,http://en.wikipedia.org/wiki/Nico_H%C3%BClkenberg,Germany
808,petrov,\N,PET,Vitaly,Petrov,08/09/1984,Russian,http://en.wikipedia.org/wiki/Vitaly_Petrov,Russia
810,grassi,\N,DIG,Lucas,di Grassi,11/08/1984,Brazilian,http://en.wikipedia.org/wiki/Lucas_di_Grassi,Brazil
811,bruno_senna,\N,SEN,Bruno,Senna,15/10/1983,Brazilian,http://en.wikipedia.org/wiki/Bruno_Senna,Brazil
812,chandhok,\N,CHA,Karun,Chandhok,19/01/1984,Indian,http://en.wikipedia.org/wiki/Karun_Chandhok,India
813,maldonado,13,MAL,Pastor,Maldonado,09/03/1985,Venezuelan,http://en.wikipedia.org/wiki/Pastor_Maldonado,Venezuela
814,resta,\N,DIR,Paul,di Resta,16/04/1986,British,http://en.wikipedia.org/wiki/Paul_di_Resta,United Kingdom
815,perez,11,PER,Sergio,Pérez,26/01/1990,Mexican,http://en.wikipedia.org/wiki/Sergio_P%C3%A9rez,Mexico
816,ambrosio,\N,DAM,Jérôme,d'Ambrosio,27/12/1985,Belgian,http://en.wikipedia.org/wiki/J%C3%A9r%C3%B4me_d%27Ambrosio,Belgium
817,ricciardo,3,RIC,Daniel,Ricciardo,01/07/1989,Australian,http://en.wikipedia.org/wiki/Daniel_Ricciardo,Australia
818,vergne,25,VER,Jean-Éric,Vergne,25/04/1990,French,http://en.wikipedia.org/wiki/Jean-%C3%89ric_Vergne,France
819,pic,\N,PIC,Charles,Pic,15/02/1990,French,http://en.wikipedia.org/wiki/Charles_Pic,France
820,chilton,4,CHI,Max,Chilton,21/04/1991,British,http://en.wikipedia.org/wiki/Max_Chilton,United Kingdom
821,gutierrez,21,GUT,Esteban,Gutiérrez,05/08/1991,Mexican,http://en.wikipedia.org/wiki/Esteban_Guti%C3%A9rrez,Mexico
822,bottas,77,BOT,Valtteri,Bottas,28/08/1989,Finnish,http://en.wikipedia.org/wiki/Valtteri_Bottas,Finland
823,garde,\N,VDG,Giedo,van der Garde,25/04/1985,Dutch,http://en.wikipedia.org/wiki/Giedo_van_der_Garde,Netherlands
824,jules_bianchi,17,BIA,Jules,Bianchi,03/08/1989,French,http://en.wikipedia.org/wiki/Jules_Bianchi,France
825,kevin_magnussen,20,MAG,Kevin,Magnussen,05/10/1992,Danish,http://en.wikipedia.org/wiki/Kevin_Magnussen,Denmark
826,kvyat,26,KVY,Daniil,Kvyat,26/04/1994,Russian,http://en.wikipedia.org/wiki/Daniil_Kvyat,Russia
827,lotterer,45,LOT,André,Lotterer,19/11/1981,German,http://en.wikipedia.org/wiki/Andr%C3%A9_Lotterer,Germany
828,ericsson,9,ERI,Marcus,Ericsson,02/09/1990,Swedish,http://en.wikipedia.org/wiki/Marcus_Ericsson,Sweden
829,stevens,28,STE,Will,Stevens,28/06/1991,British,http://en.wikipedia.org/wiki/Will_Stevens,United Kingdom
830,max_verstappen,33,VER,Max,Verstappen,30/09/1997,Dutch,http://en.wikipedia.org/wiki/Max_Verstappen,Netherlands
831,nasr,12,NAS,Felipe,Nasr,21/08/1992,Brazilian,http://en.wikipedia.org/wiki/Felipe_Nasr,Brazil
832,sainz,55,SAI,Carlos,Sainz,01/09/1994,Spanish,http://en.wikipedia.org/wiki/Carlos_Sainz_Jr.,Spain
833,merhi,98,MER,Roberto,Merhi,22/03/1991,Spanish,http://en.wikipedia.org/wiki/Roberto_Merhi,Spain
834,rossi,53,RSS,Alexander,Rossi,25/09/1991,American,http://en.wikipedia.org/wiki/Alexander_Rossi_%28racing_driver%29,United States
835,jolyon_palmer,30,PAL,Jolyon,Palmer,20/01/1991,British,http://en.wikipedia.org/wiki/Jolyon_Palmer,United Kingdom
836,wehrlein,94,WEH,Pascal,Wehrlein,18/10/1994,German,http://en.wikipedia.org/wiki/Pascal_Wehrlein,Germany
837,haryanto,88,HAR,Rio,Haryanto,22/01/1993,Indonesian,http://en.wikipedia.org/wiki/Rio_Haryanto,Indonesia
838,vandoorne,2,VAN,Stoffel,Vandoorne,26/03/1992,Belgian,http://en.wikipedia.org/wiki/Stoffel_Vandoorne,Belgium
839,ocon,31,OCO,Esteban,Ocon,17/09/1996,French,http://en.wikipedia.org/wiki/Esteban_Ocon,France
840,stroll,18,STR,Lance,Stroll,29/10/1998,Canadian,http://en.wikipedia.org/wiki/Lance_Stroll,Canada
841,giovinazzi,99,GIO,Antonio,Giovinazzi,14/12/1993,Italian,http://en.wikipedia.org/wiki/Antonio_Giovinazzi,Italy
843,brendon_hartley,28,HAR,Brendon,Hartley,10/11/1989,New Zealander,http://en.wikipedia.org/wiki/Brendon_Hartley,New Zealand
844,leclerc,16,LEC,Charles,Leclerc,16/10/1997,Monegasque,http://en.wikipedia.org/wiki/Charles_Leclerc,Monaco
845,sirotkin,35,SIR,Sergey,Sirotkin,27/08/1995,Russian,http://en.wikipedia.org/wiki/Sergey_Sirotkin_(racing_driver),Russia
846,norris,4,NOR,Lando,Norris,13/11/1999,British,http://en.wikipedia.org/wiki/Lando_Norris,United Kingdom
847,russell,63,RUS,George,Russell,15/02/1998,British,http://en.wikipedia.org/wiki/George_Russell_%28racing_driver%29,United Kingdom
848,albon,23,ALB,Alexander,Albon,23/03/1996,Thai,http://en.wikipedia.org/wiki/Alexander_Albon,Thailand
849,latifi,6,LAT,Nicholas,Latifi,29/06/1995,Canadian,http://en.wikipedia.org/wiki/Nicholas_Latifi,Canada
850,pietro_fittipaldi,51,FIT,Pietro,Fittipaldi,25/06/1996,Brazilian,http://en.wikipedia.org/wiki/Pietro_Fittipaldi,Brazil
851,aitken,89,AIT,Jack,Aitken,23/09/1995,British,http://en.wikipedia.org/wiki/Jack_Aitken,United Kingdom
852,tsunoda,22,TSU,Yuki,Tsunoda,11/05/2000,Japanese,http://en.wikipedia.org/wiki/Yuki_Tsunoda,Japan
853,mazepin,9,MAZ,Nikita,Mazepin,02/03/1999,Russian,http://en.wikipedia.org/wiki/Nikita_Mazepin,Russia
854,mick_schumacher,47,MSC,Mick,Schumacher,22/03/1999,German,http://en.wikipedia.org/wiki/Mick_Schumacher,Germany
855,zhou,24,ZHO,Guanyu,Zhou,30/05/1999,Chinese,http://en.wikipedia.org/wiki/Guanyu_Zhou,China
